"COD";"DES";"COD_MECC";"COD_PARL";"COD_ART";"CODICE";"DES_FOR";"CODARTFOR";"NOTE";"UNO_UM";"EQUIV_2";"EQUIV_1";"QTA_IDRATI";"QTA_ANIDRI";"TIPO";"ULT_SCAR";"ULT_CARICO";"ULT_FORNI";"MAGAZZINO";"UM";"UN_DERIV";"UBICA_DEST";"CAT";"CAT_STAT";"CAT_OMOG";"CAT_FISC";"CLASCONTO";"CLASSEART";"FAMIGLIA";"FISCALE";"TIPO_PEZZO";"VAR_PREZZO";"NR_CONF";"NR_SCAT";"NR_PED";"ALTEZZA";"LARGHEZZA";"LUNGHEZZA";"NR_COLLI";"NR_COLLI_D";"QTA_FATTUR";"COSTO_STAN";"CUBAGGIO";"PESO_LORDO";"PESO_NETTO";"ASPETTO";"PREZZO_ACQ";"PRACQU_EU";"COD_IVA";"IVA";"NRLIS";"SETTORE";"IMBA";"PR_ULACQ";"PR_ULACQE";"COSTOMEDIO";"COSTOMEDIE";"PR_MEDIO";"PR_MEDIOE";"CONTROP";"PERC_COST";"PERC_VEND";"QORD";"VALORD";"VALORDE";"QCONS";"VALCONS";"VALCONSE";"QORDC";"VALORDC";"VALORDCE";"QCONSC";"VALCONSC";"VALCONSCE";"GIAC_INI";"VAL_INI";"VAL_INIE";"QTA_ACQ";"VAL_ACQ";"VAL_ACQ_E";"QTA_ENT";"VAL_ENT";"VAL_ENT_E";"QTA_VEN";"VAL_VEN";"VAL_VEN_E";"QTA_USC";"VAL_USC";"VAL_USC_E";"ORDINATO";"IMPEGNATO";"QTA_DISP";"VAL_DISP";"VAL_DISP_E";"TIPO_REC";"DES_CASSA";"VENDITA";"OFFERTA_Q";"OFFERTA_A";"FLAG_OQ";"FLAG_OA";"PRZ_MAN";"VIDIMA";"TIPO_QTA";"TIPO_STR";"TIPO_RESO";"SCONTO_SUB";"SCONTO_MAN";"FLAG_EAN2";"PRZ_ALTER";"FIN_AUTO";"COD_VUOTO";"COLL_VUOTO";"PRZ_ALT1";"PRZ_ALT1_E";"PRZ_ALT2";"PRZ_ALT2_E";"PRZ_ALT3";"PRZ_ALT3_E";"PRZ_ALT4";"PRZ_ALT4_E";"PRZ_ALT5";"PRZ_ALT5_E";"BOLLINI_F";"COD_PROM";"ULT_PROM";"PENU_PROM";"COSTO_BOLL";"COSTO_U_B";"COSTO_P_B";"DEC_SIGN";"FLAG_MOLTI";"UN_MIS";"REPARTO";"COD_CASSA";"PRZ_MAX";"PRZ_MAX_E";"PRZ_MIN";"PRZ_MIN_E";"PR_VENDI";"PR_VENDI_E";"COD_FOR";"ULT_VENDI";"DATAIMP";"ESCLUDI";"CODADD";"TAC";"TIPOGRI";"FOTO";"CODDIST";"CODFORM";"DESFOR";"GARANZIA";"NOMOVMAG";"OBSOLETO";"PRODINTE";"GGDIPROD";"FLCOSTO";"COSTOFI";"azienda.db";"";"";"";"";"";"";""
"LOTTO NAZ";"LOTTO NAZ";"";"";"";"23000002";"";"";"";"";"";"";"";"";"";"20250409";"20230121";"23000002";"";"";"";"";"";"";"";"";"";"";"";"";"";"";"";"";"";"";"";"";"";"";"";"";"";"";"";"";"";"";"10";"";"";"";"";"";"";"0";"0.00000";"";"";"";"";"";"0.0000";"";"";"0.0000";"";"";"0.0000";"";"";"0.0000";"";"";"0.0000";"0";"0.00";"0.0000";"0";"0.00";"0.0000";"0";"0.00";"0.000";"0";"0.00";"0.000";"0";"0.00";"0.000";"0.000";"0.000";"0";"0.00";"";"";"";"";"";"";"";"";"";"";"";"";"";"";"";"";"";"";"";"";"";"";"";"";"";"";"";"";"";"";"";"";"";"";"";"";"";"";"";"";"";"";"";"";"";"";"";"";"";"";"";"";"";"";"";"";"";"";"";"";"";"";"";"";"";"";"";"";"";"";"";"";""
"16";"SPALLE SUINO TD";"";"";"";"23000003";"";"";"";"";"";"";"";"";"";"20250522";"20250522";"23100008";"";"KG";"";"";"0007";"";"";"";"";"";"";"";"";"";"";"";"";"";"";"";"";"";"";"";"";"";"";"";"8326";"4.30000";"10";"";"";"";"";"7164";"3.70000";"7492";"3.86918";"";"";"";"";"";"0.0000";"";"";"0.0000";"";"";"0.0000";"";"";"0.0000";"";"";"1738.1100";"13021920";"6725.06";"162518.0300";"1074453940";"554908.68";"162518.0300";"1074453940";"554908.68";"163107.530";"1159769899";"598960.13";"163141.910";"1160013669";"599086.03";"0.000";"0.000";"1114.230";"7982344";"4122.65";"";"";"0";"";"";"";"";"0";"0";"0";"0";"0";"0";"0";"0";"0";"";"";"";"";"";"";"";"";"";"";"";"";"";"";"";"";"";"";"";"";"";"";"";"";"";"";"";"";"";"";"";"";"";"";"";"";"";"";"";"";"";"";"";"";"";"";"";"";"";"";"";"";"";"";"";"";""
"63";"PANCETTONI SASSI";"";"";"";"23000005";"";"";"";"";"";"";"";"";"";"20250513";"20250513";"23000028";"";"KG";"";"";"0007";"";"";"";"";"";"";"";"";"";"";"";"";"";"";"";"";"";"";"";"";"";"";"";"4821";"2.49000";"10";"";"";"";"";"5170";"2.67000";"5970";"3.08304";"";"";"";"";"";"0.0000";"";"";"0.0000";"";"";"0.0000";"";"";"0.0000";"";"";"93.8000";"559986";"289.19";"12388.6000";"66820627";"34509.81";"12388.6000";"66820627";"34509.81";"12419.000";"73563244";"37991.58";"12527.950";"74069988";"38253.31";"0.000";"0.000";"-45.550";"-235494";"-121.62";"";"";"";"";"";"";"";"";"";"";"";"";"";"";"";"";"";"";"";"";"";"";"";"";"";"";"";"";"";"";"";"";"";"";"";"";"";"";"";"";"";"";"";"";"";"";"";"";"";"";"";"";"";"";"";"";"";"";"";"";"";"";"";"";"";"";"";"";"";"";"";"";""
"LOTTO TD";"LOTTO TD";"";"";"";"23000003";"";"";"";"";"";"";"";"";"";"20250515";"20221215";"23000024";"";"";"";"";"";"";"";"";"";"";"";"";"";"";"";"";"";"";"";"";"";"";"";"";"";"";"";"";"";"";"10";"";"";"";"";"";"";"0";"0.00000";"";"";"";"";"";"0.0000";"";"";"0.0000";"";"";"0.0000";"";"";"0.0000";"";"";"0.0000";"0";"0.00";"0.0000";"0";"0.00";"0.0000";"0";"0.00";"0.000";"0";"0.00";"0.000";"0";"0.00";"0.000";"0.000";"0.000";"0";"0.00";"";"";"";"";"";"";"";"";"";"";"";"";"";"";"";"";"";"";"";"";"";"";"";"";"";"";"";"";"";"";"";"";"";"";"";"";"";"";"";"";"";"";"";"";"";"";"";"";"";"";"";"";"";"";"";"";"";"";"";"0";"";"";"";"";"";"";"";"";"";"";"";"";""
"15";"BUSTI SUINO NAZ";"";"";"";"23000005";"";"";"";"";"";"";"";"";"";"20250521";"20250520";"23000028";"";"KG";"";"";"0007";"";"";"";"";"";"";"";"";"";"";"";"";"";"";"";"";"";"";"";"";"";"";"";"7648";"3.95000";"10";"";"";"";"";"7455";"3.85000";"8390";"4.33317";"";"";"";"";"";"0.0000";"";"";"0.0000";"";"";"0.0000";"";"";"0.0000";"";"";"205.9000";"1727501";"892.20";"72372.4500";"534001575";"275788.24";"72372.4500";"534001575";"275788.24";"72683.950";"599877128";"309811.83";"72739.500";"600288220";"310024.18";"0.000";"0.000";"-161.150";"-1201373";"-620.43";"";"";"";"";"";"";"";"";"";"";"";"";"";"";"";"";"";"";"";"";"";"";"";"";"";"";"";"";"";"";"";"";"";"";"";"";"";"";"";"";"";"";"";"";"";"";"";"";"";"";"";"";"";"";"";"";"";"";"";"";"";"";"";"";"";"";"";"";"";"";"";"";""
"LOTTO SUINO NAZ";"LOTTO SUINO NAZ";"";"";"";"23000006";"";"";"";"";"";"";"";"";"";"20221213";"20221216";"23000024";"";"";"";"";"";"";"";"";"";"";"";"";"";"";"";"";"";"";"";"";"";"";"";"";"";"";"";"";"0";"0.00000";"10";"";"";"";"";"9352";"4.83000";"0";"0.00000";"";"";"";"";"";"0.0000";"";"";"0.0000";"";"";"0.0000";"";"";"0.0000";"";"";"0.0000";"0";"0.00";"0.0000";"0";"0.00";"0.0000";"0";"0.00";"0.000";"0";"0.00";"0.000";"0";"0.00";"0.000";"0.000";"0.000";"0";"0.00";"";"";"";"";"";"";"";"";"";"";"";"";"";"";"";"";"";"";"";"";"";"";"";"";"";"";"";"";"";"";"";"";"";"";"";"";"";"";"";"";"";"";"";"";"";"";"";"";"";"";"";"";"";"";"";"";"";"";"";"";"";"";"";"";"";"";"";"";"";"";"";"";""
"01";"COMPENSATO BOVINO NAZ";"";"";"";"23000002";"";"";"";"";"";"";"";"";"";"20250515";"20250520";"23000002";"";"KG";"";"";"0007";"";"";"";"";"";"";"";"";"";"";"";"";"";"";"";"";"";"";"";"";"";"";"";"13360";"6.90000";"10";"";"";"";"";"13554";"7.00000";"11829";"6.13661";"";"";"";"";"";"0.0000";"";"";"0.0000";"";"";"0.0000";"";"";"0.0000";"";"";"164.7000";"1948236";"1010.70";"27808.3000";"315076173";"165117.13";"27808.3000";"315076173";"165117.13";"27610.600";"346738290";"179074.28";"27641.000";"347093409";"179257.69";"0.000";"0.000";"332.000";"4499928";"2324.00";"I";"";"1";"";"";"0";"0";"3";"2";"3";"2";"1";"1";"1";"3";"2";"2";"";"0";"";"";"";"";"";"";"";"";"";"";"";"";"";"";"";"";"";"";"1";"";"";"";"";"";"";"";"";"";"";"";"";"";"";"";"";"";"";"";"";"";"";"";"";"";"";"";"";"";"";"";"";"";"";""
"02";"ANTERIORE BOVINO NAZ";"";"";"";"23000002";"";"";"";"";"";"";"";"";"";"20241212";"20241211";"23000031";"";"KG";"";"";"0007";"";"";"";"";"";"";"";"";"";"";"";"";"";"";"";"";"";"";"";"";"";"";"";"7358";"3.80000";"10";"";"";"";"";"10069";"5.20000";"10644";"5.49720";"";"";"";"";"";"0.0000";"";"";"0.0000";"";"";"0.0000";"";"";"0.0000";"";"";"-1.2000";"-12773";"-6.60";"1259.9000";"12685424";"6551.48";"1259.9000";"12685424";"6551.48";"1226.800";"13897572";"7177.35";"1260.000";"14231847";"7349.99";"0.000";"0.000";"-1.200";"-12773";"-6.60";"I";"";"1";"";"";"0";"0";"3";"2";"3";"2";"1";"1";"1";"3";"2";"2";"";"0";"";"";"";"";"";"";"";"";"";"";"";"";"";"";"";"";"";"";"1";"";"";"";"";"";"";"";"";"";"";"";"";"";"";"";"";"";"";"";"";"";"";"";"";"";"";"";"";"";"";"";"";"";"";""
"03";"POSTERIORE BOVINO NAZ";"";"";"";"23000022";"";"";"";"";"";"";"";"";"";"20240827";"20240827";"23000002";"";"KG";"";"";"0007";"";"";"";"";"";"";"";"";"";"";"";"";"";"";"";"";"";"";"";"";"";"";"";"15490";"8.00000";"10";"";"";"";"";"11424";"5.90000";"13893";"7.17500";"";"";"";"";"";"0.0000";"";"";"0.0000";"";"";"0.0000";"";"";"0.0000";"";"";"-0.2000";"-2779";"-1.44";"210.5000";"2705430";"1397.25";"210.5000";"2705430";"1397.25";"210.700";"3210696";"1658.20";"210.700";"3210696";"1658.20";"0.000";"0.000";"-0.200";"-2779";"-1.44";"I";"";"1";"";"";"0";"0";"3";"2";"3";"2";"1";"1";"1";"3";"2";"2";"";"0";"";"";"";"";"";"";"";"";"";"";"";"";"";"";"";"";"";"";"1";"";"";"";"";"";"";"";"";"";"";"";"";"";"";"";"";"";"";"";"";"";"";"";"";"";"";"";"";"";"";"";"";"";"";""
"05";"ANTERIORE SCOTTONA NAZ";"";"";"";"23000002";"";"";"";"";"";"";"";"";"";"20250522";"20250520";"23000002";"";"KG";"";"";"0007";"";"";"";"";"";"";"";"";"";"";"";"";"";"";"";"";"";"";"";"";"";"";"";"12199";"6.30000";"10";"";"";"";"";"12779";"6.60000";"10959";"5.84786";"";"";"";"";"";"0.0000";"";"";"0.0000";"";"";"0.0000";"";"";"0.0000";"";"";"211.0100";"2312459";"1233.96";"12412.9600";"134235704";"74114.28";"12412.9600";"134235704";"74114.28";"12491.620";"147370431";"76109.55";"12567.660";"148289250";"76584.08";"0.000";"0.000";"56.310";"719585";"371.65";"I";"";"1";"";"";"0";"0";"3";"2";"3";"2";"1";"1";"1";"3";"2";"2";"";"0";"";"";"";"";"";"";"";"";"";"";"";"";"";"";"";"";"";"";"1";"";"";"";"";"";"";"";"";"";"";"";"";"";"";"";"";"";"";"";"";"";"";"";"";"";"";"";"";"";"";"";"";"";"";""
"06";"POSTERIORE SCOTTONA NAZ";"";"";"";"23000002";"";"";"";"";"";"";"";"";"";"20241008";"20241008";"23000002";"";"KG";"";"";"0007";"";"";"";"";"";"";"";"";"";"";"";"";"";"";"";"";"";"";"";"";"";"";"";"8616";"4.45000";"10";"";"";"";"";"11811";"6.10000";"15054";"7.77500";"";"";"";"";"";"0.0000";"";"";"0.0000";"";"";"0.0000";"";"";"0.0000";"";"";"-0.5000";"-7527";"-3.89";"166.9500";"2297457";"1186.55";"166.9500";"2297457";"1186.55";"167.000";"2748486";"1419.50";"167.000";"2748486";"1419.50";"0.000";"0.000";"-0.500";"-7527";"-3.89";"I";"";"1";"";"";"0";"0";"3";"2";"3";"2";"1";"1";"1";"3";"2";"2";"";"0";"";"";"";"";"";"";"";"";"";"";"";"";"";"";"";"";"";"";"1";"";"";"";"";"";"";"";"";"";"";"";"";"";"";"";"";"";"";"";"";"";"";"";"";"";"";"";"";"";"";"";"";"";"";""
"07";"SPALLOTTO SCOT.NAZ";"";"";"";"23000002";"";"";"";"";"";"";"";"";"";"20250522";"20250520";"23000002";"";"KG";"";"";"0007";"";"";"";"";"";"";"";"";"";"";"";"";"";"";"";"";"";"";"";"";"";"";"";"12295";"6.35000";"10";"";"";"";"";"11037";"5.70000";"10135";"5.23437";"";"";"";"";"";"0.0000";"";"";"0.0000";"";"";"0.0000";"";"";"0.0000";"";"";"851.2500";"8627419";"4455.76";"104771.3500";"1096059603";"566066.92";"104771.3500";"1096059603";"566066.92";"104899.850";"1070534954";"552891.15";"105048.050";"1072116831";"553708.15";"0.000";"0.000";"574.550";"6341308";"3274.94";"I";"";"1";"";"";"0";"0";"3";"2";"3";"2";"1";"1";"1";"3";"2";"2";"";"0";"";"";"";"";"";"";"";"";"";"";"";"";"";"";"";"";"";"";"1";"";"";"";"";"";"";"";"";"";"";"";"";"";"";"";"";"";"";"";"";"";"";"";"";"";"";"";"";"";"";"";"";"";"";""
"08";"SPALLOTTO SCOT.TD";"";"";"";"23000003";"";"";"";"";"";"";"";"";"";"20250521";"20250517";"23000043";"";"KG";"";"";"0007";"";"";"";"";"";"";"";"";"";"";"";"";"";"";"";"";"";"";"";"";"";"";"";"9681";"5.00000";"10";"";"";"";"";"10456";"5.40000";"9455";"4.88301";"";"";"";"";"";"0.0000";"";"";"0.0000";"";"";"0.0000";"";"";"0.0000";"";"";"-20.9000";"-197610";"-102.05";"184549.6600";"1717926040";"887235.21";"184549.6600";"1717926040";"887235.21";"183152.050";"1856508356";"958810.18";"184946.650";"1873180900";"967420.86";"0.000";"0.000";"-417.890";"-4369458";"-2256.61";"I";"";"1";"";"";"0";"0";"3";"2";"3";"2";"1";"1";"1";"3";"2";"2";"";"0";"";"";"";"";"";"";"";"";"";"";"";"";"";"";"";"";"";"";"1";"";"";"";"";"";"";"";"";"";"";"";"";"";"";"";"";"";"";"";"";"";"";"";"";"";"";"";"";"";"";"";"";"";"";""
"09";"BEEF BOVINO";"";"";"";"23000003";"";"";"";"";"";"";"";"";"";"20250428";"20250424";"23000042";"";"KG";"";"";"0007";"";"";"";"";"";"";"";"";"";"";"";"";"";"";"";"";"";"";"";"";"";"";"";"27108";"14.00000";"10";"";"";"";"";"24107";"12.45000";"16490";"8.83994";"";"";"";"";"";"0.0000";"";"";"0.0000";"";"";"0.0000";"";"";"0.0000";"";"";"16.3000";"268787";"144.09";"2191.8500";"36250952";"20141.15";"2191.8500";"36250952";"20141.15";"2249.250";"37820539";"19532.71";"2312.450";"39436314";"20367.19";"0.000";"0.000";"-104.300";"-2514360";"-1298.54";"I";"";"1";"";"";"0";"0";"3";"2";"3";"2";"1";"1";"1";"3";"2";"2";"";"0";"";"";"";"";"";"";"";"";"";"";"";"";"";"";"";"";"";"";"1";"";"";"";"";"";"";"";"";"";"";"";"";"";"";"";"";"";"";"";"";"";"";"";"";"";"";"";"";"";"";"";"";"";"";""
"10";"ARROSTI PL";"";"";"";"23000002";"";"";"";"";"";"";"";"";"";"20220507";"20220507";"23000024";"";"KG";"";"";"0007";"";"";"";"";"";"";"";"";"";"";"";"";"";"";"";"";"";"";"";"";"";"";"";"10069";"5.20000";"10";"";"";"";"";"14909";"7.70000";"0";"0.00000";"";"";"";"";"";"0.0000";"";"";"0.0000";"";"";"0.0000";"";"";"0.0000";"";"";"0.0000";"0";"0.00";"0.0000";"0";"0.00";"0.0000";"0";"0.00";"0.000";"0";"0.00";"0.000";"0";"0.00";"0.000";"0.000";"0.000";"0";"0.00";"I";"";"1";"";"";"0";"0";"3";"2";"3";"2";"1";"1";"1";"3";"2";"2";"";"0";"";"";"";"";"";"";"";"";"";"";"";"";"";"";"";"";"";"";"1";"";"";"";"";"";"";"";"";"";"";"";"";"";"";"";"";"";"";"";"";"";"";"";"";"";"";"";"";"";"";"";"";"";"";""
"13";"AGNELLI MACELLATI";"";"";"";"23000007";"";"";"";"";"";"";"";"";"";"20250521";"20250521";"23000016";"";"KG";"";"";"0007";"";"";"";"";"";"";"";"";"";"";"";"";"";"";"";"";"";"";"";"";"";"";"";"15877";"8.20000";"10";"";"";"";"";"19363";"10.00000";"19995";"10.32638";"";"";"";"";"";"0.0000";"";"";"0.0000";"";"";"0.0000";"";"";"0.0000";"";"";"145.3500";"2906273";"1500.94";"29616.0500";"546411077";"282198.13";"29616.0500";"546411077";"282198.13";"29456.900";"629703658";"325215.56";"29770.550";"631824903";"326311.17";"0.000";"0.000";"-9.150";"-177171";"-91.50";"I";"";"1";"";"";"0";"0";"3";"2";"3";"2";"1";"1";"1";"3";"2";"2";"";"0";"";"";"";"";"";"";"";"";"";"";"";"";"";"";"";"";"";"";"1";"";"";"";"";"";"";"";"";"";"";"";"";"";"";"";"";"";"";"";"";"";"";"";"";"";"";"";"";"";"";"";"";"";"";""
"14";"AGNELLI MACELLATI S.T.C";"";"";"";"23000009";"";"";"";"";"";"";"";"";"";"20231227";"20231219";"23000041";"";"KG";"";"";"0007";"";"";"";"";"";"";"";"";"";"";"";"";"";"";"";"";"";"";"";"";"";"";"";"12586";"6.50000";"10";"";"";"";"";"19363";"10.00000";"0";"0.00000";"";"";"";"";"";"0.0000";"";"";"0.0000";"";"";"0.0000";"";"";"0.0000";"";"";"0.0000";"0";"0.00";"0.0000";"0";"0.00";"0.0000";"0";"0.00";"0.000";"0";"0.00";"0.000";"0";"0.00";"0.000";"0.000";"0.000";"0";"0.00";"I";"";"1";"";"";"0";"0";"3";"2";"3";"2";"1";"1";"1";"3";"2";"2";"";"0";"";"";"";"";"";"";"";"";"";"";"";"";"";"";"";"";"";"";"1";"";"";"";"";"";"";"";"";"";"";"";"";"";"";"";"";"";"";"";"";"";"";"";"";"";"";"";"";"";"";"";"";"";"";""
"21";"LOMBATELLI BOVINO";"";"";"";"23000003";"";"";"";"";"";"";"";"";"";"20250522";"20250522";"23000042";"";"KG";"";"";"0007";"";"";"";"";"";"";"";"";"";"";"";"";"";"";"";"";"";"";"";"";"";"";"";"16265";"8.40000";"10";"";"";"";"";"16458";"8.50000";"17186";"8.88904";"";"";"";"";"";"0.0000";"";"";"0.0000";"";"";"0.0000";"";"";"0.0000";"";"";"369.4500";"6349368";"3284.06";"28067.7700";"456736034";"236627.82";"28067.7700";"456736034";"236627.82";"28015.070";"448252411";"231505.30";"28533.380";"451287941";"233073.10";"0.000";"0.000";"-96.160";"-1582601";"-817.36";"I";"";"1";"";"";"0";"0";"3";"2";"3";"2";"1";"1";"1";"3";"2";"2";"";"0";"";"";"";"";"";"";"";"";"";"";"";"";"";"";"";"";"";"";"1";"";"";"";"";"";"";"";"";"";"";"";"";"";"";"";"";"";"";"";"";"";"";"";"";"";"";"";"";"";"";"";"";"";"";""
"17";"LOMBI SUINO BOLOGNA";"";"";"";"23000006";"";"";"";"";"";"";"";"";"";"20240711";"20240710";"23000026";"";"KG";"";"";"0007";"";"";"";"";"";"";"";"";"";"";"";"";"";"";"";"";"";"";"";"";"";"";"";"7745";"4.00000";"10";"";"";"";"";"4937";"2.55000";"8568";"4.42500";"";"";"";"";"";"0.0000";"";"";"0.0000";"";"";"0.0000";"";"";"0.0000";"";"";"-0.5000";"-4284";"-2.21";"19.7000";"228874";"118.20";"19.7000";"228874";"118.20";"19.700";"108711";"56.15";"19.700";"108711";"56.15";"0.000";"0.000";"-0.500";"-4284";"-2.21";"I";"";"1";"";"";"0";"0";"3";"2";"3";"2";"1";"1";"1";"3";"2";"2";"";"0";"";"";"";"";"";"";"";"";"";"";"";"";"";"";"";"";"";"";"1";"";"";"";"";"";"";"";"";"";"";"";"";"";"";"";"";"";"";"";"";"";"";"";"";"";"";"";"";"";"";"";"";"";"";""
"33";"SUINO TD";"";"";"";"23000003";"";"";"";"";"";"";"";"";"";"20250522";"20250521";"23100007";"";"KG";"";"";"0007";"";"";"";"";"";"";"";"";"";"";"";"";"";"";"";"";"";"";"";"";"";"";"";"4937";"2.55000";"10";"";"";"";"";"4841";"2.50000";"5671";"2.92887";"";"";"";"";"";"0.0000";"";"";"0.0000";"";"";"0.0000";"";"";"0.0000";"";"";"5669.6791";"32152750";"16605.75";"1183408.6001";"5789297803";"2989943.37";"1183408.6001";"5789297803";"2989943.37";"1135029.190";"5839334002";"3015774.62";"1182302.341";"6057474636";"3128434.87";"0.000";"0.000";"6775.938";"32802316";"16939.85";"I";"";"1";"";"";"0";"0";"3";"2";"3";"2";"1";"1";"1";"3";"2";"2";"";"0";"";"";"";"";"";"";"";"";"";"";"";"";"";"";"";"";"";"";"1";"";"";"";"";"";"";"";"";"";"";"";"";"";"";"";"";"";"";"";"";"";"";"";"";"";"";"";"";"";"";"";"";"";"";""
"12";"SUINO NAZ";"";"";"";"23000002";"";"";"";"";"";"";"";"";"";"20250522";"20250520";"23000005";"";"KG";"";"";"0007";"";"";"";"";"";"";"";"";"";"";"";"";"";"";"";"";"";"";"";"";"";"";"";"5809";"3.00000";"10";"";"";"";"";"6777";"3.50000";"7230";"3.73383";"";"";"";"";"";"0.0000";"";"";"0.0000";"";"";"0.0000";"";"";"0.0000";"";"";"474.6010";"3431365";"1772.08";"192789.2000";"1209800562";"624809.57";"192789.2000";"1209800562";"624809.57";"192354.150";"1377580772";"711458.93";"193032.300";"1381751218";"713612.78";"0.000";"0.000";"231.501";"1568882";"810.25";"";"";"";"";"";"";"";"";"";"";"";"";"";"";"";"";"";"";"";"";"";"";"";"";"";"";"";"";"";"";"";"";"";"";"";"";"";"";"";"";"";"";"";"";"";"";"";"";"";"";"";"";"";"";"";"";"";"";"";"";"";"";"";"";"";"";"";"";"";"";"";"";""
"50";"ENTRECOTE FRESCO TD";"";"";"";"23000003";"";"";"";"";"";"";"";"";"";"20241223";"20241219";"23100004";"";"KG";"";"";"0007";"";"";"";"";"";"";"";"";"";"";"";"";"";"";"";"";"";"";"";"";"";"";"";"36111";"18.65000";"10";"";"";"";"";"48058";"24.82000";"39645";"20.47480";"";"";"";"";"";"0.0000";"";"";"0.0000";"";"";"0.0000";"";"";"0.0000";"";"";"15.3300";"607758";"313.88";"149.8800";"5545338";"2863.93";"149.8800";"5545338";"2863.93";"122.310";"4871581";"2515.97";"134.550";"5313585";"2744.25";"0.000";"0.000";"15.330";"607758";"313.88";"";"";"";"";"";"";"";"";"";"";"";"";"";"";"";"";"";"";"";"";"";"";"";"";"";"";"";"";"";"";"";"";"";"";"";"";"";"";"";"";"";"";"";"";"";"";"";"";"";"";"";"";"";"";"";"";"";"";"";"";"";"";"";"";"";"";"";"";"";"";"";"";""
"64";"TRITO OCCHIALINI";"";"";"";"23000006";"";"";"";"";"";"";"";"";"";"20241205";"20241205";"23000006";"";"KG";"";"";"0007";"";"";"";"";"";"";"";"";"";"";"";"";"";"";"";"";"";"";"";"";"";"";"";"8578";"4.43000";"10";"";"";"";"";"9972";"5.15000";"9182";"4.82273";"";"";"";"";"";"0.0000";"";"";"0.0000";"";"";"0.0000";"";"";"0.0000";"";"";"-0.7000";"-6427";"-3.38";"672.0000";"5930518";"3195.76";"672.0000";"5930518";"3195.76";"748.930";"7283346";"3761.60";"751.930";"7309077";"3774.89";"0.000";"0.000";"-0.700";"-6427";"-3.38";"";"";"";"";"";"";"";"";"";"";"";"";"";"";"";"";"";"";"";"";"";"";"";"";"";"";"";"";"";"";"";"";"";"";"";"";"";"";"";"";"";"";"";"";"";"";"";"";"";"";"";"";"";"";"";"";"";"";"";"";"";"";"";"";"";"";"";"";"";"";"";"";""
"18";"COPPE DISS.NAZ";"";"";"";"23000006";"";"";"";"";"";"";"";"";"";"20250512";"20250522";"23100002";"";"KG";"";"";"0007";"";"";"";"";"";"";"";"";"";"";"";"";"";"";"";"";"";"";"";"";"";"";"";"8810";"4.55000";"10";"";"";"";"";"6487";"3.35000";"9601";"4.95865";"";"";"";"";"";"0.0000";"";"";"0.0000";"";"";"0.0000";"";"";"0.0000";"";"";"0.0040";"38";"0.02";"6737.1640";"59131624";"30539.16";"6737.1640";"59131624";"30539.16";"6814.120";"64814642";"33474.48";"6846.460";"65028224";"33584.82";"0.000";"0.000";"-109.292";"-708977";"-366.13";"";"";"";"";"";"";"";"";"";"";"";"";"";"";"";"";"";"";"";"";"";"";"";"";"";"";"";"";"";"";"";"";"";"";"";"";"";"";"";"";"";"";"";"";"";"";"";"";"";"";"";"";"";"";"";"";"";"";"";"";"";"";"";"";"";"";"";"";"";"";"";"";""
"23";"VITELLINA";"";"";"";"23000002";"";"";"";"";"";"";"";"";"";"20250521";"20250520";"23000002";"";"KG";"";"";"0007";"";"";"";"";"";"";"";"";"";"";"";"";"";"";"";"";"";"";"";"";"";"";"";"19944";"10.30000";"10";"";"";"";"";"16168";"8.35000";"17664";"9.12263";"";"";"";"";"";"0.0000";"";"";"0.0000";"";"";"0.0000";"";"";"0.0000";"";"";"166.1400";"2934697";"1515.63";"37666.7000";"659721124";"340717.96";"37666.7000";"659721124";"340717.96";"37132.550";"632060118";"326431.81";"37718.590";"642374362";"331759.02";"0.000";"0.000";"114.250";"1847194";"953.99";"";"";"";"";"";"";"";"";"";"";"";"";"";"";"";"";"";"";"";"";"";"";"";"";"";"";"";"";"";"";"";"";"";"";"";"";"";"";"";"";"";"";"";"";"";"";"";"";"";"";"";"";"";"";"";"";"";"";"";"";"";"";"";"";"";"";"";"";"";"";"";"";""
"LOTTO";"LOTTO";"";"";"";"23000005";"";"";"";"";"";"";"";"";"";"20250508";"20221223";"23000009";"";"";"";"";"0007";"";"";"";"";"";"";"";"";"";"";"";"";"";"";"";"";"";"";"";"";"";"";"";"";"";"10";"";"";"";"";"";"";"0";"0.00000";"";"";"";"";"";"0.0000";"";"";"0.0000";"";"";"0.0000";"";"";"0.0000";"";"";"1.0000";"0";"0.00";"0.0000";"0";"0.00";"0.0000";"0";"0.00";"-3.000";"-875256";"-452.03";"-3.000";"-875256";"-452.03";"0.000";"0.000";"4.000";"0";"0.00";"";"";"";"";"";"";"";"";"";"";"";"";"";"";"";"";"";"";"";"";"";"";"";"";"";"";"";"";"";"";"";"";"";"";"";"";"";"";"";"";"";"";"";"";"";"";"";"";"";"";"";"";"";"";"";"";"";"";"";"";"";"";"";"";"";"";"";"";"";"";"";"";""
"20";"FRATTAGLIE BOVINO";"";"";"";"23000002";"";"";"";"";"";"";"";"";"";"20250521";"20250520";"23000002";"";"KG";"";"";"0007";"";"";"";"";"";"";"";"";"";"";"";"";"";"";"";"";"";"";"";"";"";"";"";"5809";"3.00000";"10";"";"";"";"";"2904";"1.50000";"3639";"1.88077";"";"";"";"";"";"0.0000";"";"";"0.0000";"";"";"0.0000";"";"";"0.0000";"";"";"98.1100";"357022";"184.52";"50048.4800";"125061768";"64805.20";"50048.4800";"125061768";"64805.20";"48118.680";"118292390";"61093.05";"49820.040";"122938182";"63492.40";"0.000";"0.000";"326.550";"948301";"489.83";"";"";"";"";"";"";"";"";"";"";"";"";"";"";"";"";"";"";"";"";"";"";"";"";"";"";"";"";"";"";"";"";"";"";"";"";"";"";"";"";"";"";"";"";"";"";"";"";"";"";"";"";"";"";"";"";"";"";"";"";"";"";"";"";"";"";"";"";"";"";"";"";""
"52";"SCOTTONA SPANCETTATA TD";"";"";"";"23000003";"";"";"";"";"";"";"";"";"";"20250522";"20250522";"23100002";"";"KG";"";"";"0007";"";"";"";"";"";"";"";"";"";"";"";"";"";"";"";"";"";"";"";"";"";"";"";"13554";"7.00000";"10";"";"";"";"";"14135";"7.30000";"12531";"6.47181";"";"";"";"";"";"0.0000";"";"";"0.0000";"";"";"0.0000";"";"";"0.0000";"";"";"756.9000";"9484714";"4898.51";"343762.5800";"3943347576";"2036569.69";"343762.5800";"3943347576";"2036569.69";"341398.560";"4149548341";"2143055.55";"343580.480";"4169499041";"2153359.39";"0.000";"0.000";"939.000";"13272765";"6854.70";"";"";"";"";"";"";"";"";"";"";"";"";"";"";"";"";"";"";"";"";"";"";"";"";"";"";"";"";"";"";"";"";"";"";"";"";"";"";"";"";"";"";"";"";"";"";"";"";"";"";"";"";"";"";"";"";"";"";"";"";"";"";"";"";"";"";"";"";"";"";"";"";""
"150";"CAMPANELLO BOVINO PL";"";"";"";"23000011";"";"";"";"";"";"";"";"";"";"20250522";"20250522";"23000010";"";"KG";"";"";"0007";"";"";"";"";"";"";"";"";"";"";"";"";"";"";"";"";"";"";"";"";"";"";"";"15490";"8.00000";"10";"";"";"";"";"15297";"7.90000";"13514";"6.97954";"";"";"";"";"";"0.0000";"";"";"0.0000";"";"";"0.0000";"";"";"0.0000";"";"";"1423.4700";"19236774";"9935.17";"29239.6300";"416324771";"215013.91";"29239.6300";"416324771";"215013.91";"29577.430";"371371388";"191796.66";"29618.920";"372007128";"192124.99";"0.000";"0.000";"1044.180";"15972821";"8249.02";"";"";"";"";"";"";"";"";"";"";"";"";"";"";"";"";"";"";"";"";"";"";"";"";"";"";"";"";"";"";"";"";"";"";"";"";"";"";"";"";"";"";"";"";"";"";"";"";"";"";"";"";"";"";"";"";"";"";"";"";"";"";"";"";"";"";"";"";"";"";"";"";""
"LOTTO SASSI";"LOTTO SASSI";"";"";"";"23000005";"";"";"";"";"";"";"";"";"";"20221213";"20221213";"23000024";"";"";"";"";"";"";"";"";"";"";"";"";"";"";"";"";"";"";"";"";"";"";"";"";"";"";"";"";"";"";"10";"";"";"";"";"";"";"0";"0.00000";"";"";"";"";"";"0.0000";"";"";"0.0000";"";"";"0.0000";"";"";"0.0000";"";"";"0.0000";"0";"0.00";"0.0000";"0";"0.00";"0.0000";"0";"0.00";"0.000";"0";"0.00";"0.000";"0";"0.00";"0.000";"0.000";"0.000";"0";"0.00";"";"";"";"";"";"";"";"";"";"";"";"";"";"";"";"";"";"";"";"";"";"";"";"";"";"";"";"";"";"";"";"";"";"";"";"";"";"";"";"";"";"";"";"";"";"";"";"";"";"";"";"";"";"";"";"";"";"";"";"";"";"";"";"";"";"";"";"";"";"";"";"";""
"66";"PROSCIUTTO NAZ DISS.";"";"";"";"23000005";"";"";"";"";"";"";"";"";"";"20250520";"20250520";"23000005";"";"KG";"";"";"0007";"";"";"";"";"";"";"";"";"";"";"";"";"";"";"";"";"";"";"";"";"";"";"";"19363";"10.00000";"10";"";"";"";"";"19750";"10.20000";"20514";"10.59445";"";"";"";"";"";"0.0000";"";"";"0.0000";"";"";"0.0000";"";"";"0.0000";"";"";"95.8800";"1966882";"1015.80";"5909.1900";"118860023";"61386.10";"5909.1900";"118860023";"61386.10";"5895.370";"126851920";"65513.30";"5940.630";"127739799";"65971.85";"0.000";"0.000";"64.440";"1272690";"657.29";"";"";"";"";"";"";"";"";"";"";"";"";"";"";"";"";"";"";"";"";"";"";"";"";"";"";"";"";"";"";"";"";"";"";"";"";"";"";"";"";"";"";"";"";"";"";"";"";"";"";"";"";"";"";"";"";"";"";"";"";"";"";"";"";"";"";"";"";"";"";"";"";""
"152";"REALE SV PL";"";"";"";"23000003";"";"";"";"";"";"";"";"";"";"20250522";"20250516";"23100014";"";"KG";"";"";"0007";"";"";"";"";"";"";"";"";"";"";"";"";"";"";"";"";"";"";"";"";"";"";"";"18395";"9.50000";"10";"";"";"";"";"19363";"10.00000";"19118";"9.87339";"";"";"";"";"";"0.0000";"";"";"0.0000";"";"";"0.0000";"";"";"0.0000";"";"";"207.9700";"3975970";"2053.37";"4553.6100";"84144454";"43457.05";"4553.6100";"84144454";"43457.05";"4550.860";"81172918";"41922.28";"4553.350";"81219930";"41946.56";"0.000";"0.000";"208.230";"4031957";"2082.30";"";"";"";"";"";"";"";"";"";"";"";"";"";"";"";"";"";"";"";"";"";"";"";"";"";"";"";"";"";"";"";"";"";"";"";"";"";"";"";"";"";"";"";"";"";"";"";"";"";"";"";"";"";"";"";"";"";"";"";"";"";"";"";"";"";"";"";"";"";"";"";"";""
"27";"CODE BOVINO";"";"";"";"23000002";"";"";"";"";"";"";"";"";"";"20250521";"20250520";"23000002";"";"KG";"";"";"0007";"";"";"";"";"";"";"";"";"";"";"";"";"";"";"";"";"";"";"";"";"";"";"";"13554";"7.00000";"10";"";"";"";"";"11618";"6.00000";"11883";"6.13701";"";"";"";"";"";"0.0000";"";"";"0.0000";"";"";"0.0000";"";"";"0.0000";"";"";"127.8900";"1519717";"784.86";"4239.7300";"49389009";"25507.29";"4239.7300";"49389009";"25507.29";"4183.760";"48248208";"24918.14";"4247.660";"48990575";"25301.54";"0.000";"0.000";"119.960";"1393695";"719.76";"";"";"";"";"";"";"";"";"";"";"";"";"";"";"";"";"";"";"";"";"";"";"";"";"";"";"";"";"";"";"";"";"";"";"";"";"";"";"";"";"";"";"";"";"";"";"";"";"";"";"";"";"";"";"";"";"";"";"";"";"";"";"";"";"";"";"";"";"";"";"";"";""
"11";"PETTI BOVINO";"";"";"";"23000002";"";"";"";"";"";"";"";"";"";"20250509";"20250506";"23000002";"";"KG";"";"";"0007";"";"";"";"";"";"";"";"";"";"";"";"";"";"";"";"";"";"";"";"";"";"";"";"9681";"5.00000";"10";"";"";"";"";"10649";"5.50000";"9505";"4.95018";"";"";"";"";"";"0.0000";"";"";"0.0000";"";"";"0.0000";"";"";"0.0000";"";"";"117.8000";"1119689";"583.13";"10713.5500";"103646740";"53961.38";"10713.5500";"103646740";"53961.38";"10787.800";"111658648";"57667.35";"10833.700";"112179504";"57936.38";"0.000";"0.000";"-2.350";"-25025";"-12.93";"";"";"";"";"";"";"";"";"";"";"";"";"";"";"";"";"";"";"";"";"";"";"";"";"";"";"";"";"";"";"";"";"";"";"";"";"";"";"";"";"";"";"";"";"";"";"";"";"";"";"";"";"";"";"";"";"";"";"";"";"";"";"";"";"";"";"";"";"";"";"";"";""
"29";"CORATE SUINO";"";"";"";"23000008";"";"";"";"";"";"";"";"";"";"20250522";"20250522";"23100002";"";"KG";"";"";"0007";"";"";"";"";"";"";"";"";"";"";"";"";"";"";"";"";"";"";"";"";"";"";"";"3485";"1.80000";"10";"";"";"";"";"1936";"1.00000";"3844";"1.98502";"";"";"";"";"";"0.0000";"";"";"0.0000";"";"";"0.0000";"";"";"0.0000";"";"";"37.4100";"143804";"74.26";"25657.6400";"77185267";"39863.49";"25657.6400";"77185267";"39863.49";"24666.920";"97483505";"50346.72";"25746.200";"101381902";"52360.08";"0.000";"0.000";"-51.150";"-99026";"-51.15";"";"";"";"";"";"";"";"";"";"";"";"";"";"";"";"";"";"";"";"";"";"";"";"";"";"";"";"";"";"";"";"";"";"";"";"";"";"";"";"";"";"";"";"";"";"";"";"";"";"";"";"";"";"";"";"";"";"";"";"";"";"";"";"";"";"";"";"";"";"";"";"";""
"24";"BEEF VITELLINA";"";"";"";"23000002";"";"";"";"";"";"";"";"";"";"20250520";"20250517";"23000002";"";"KG";"";"";"0007";"";"";"";"";"";"";"";"";"";"";"";"";"";"";"";"";"";"";"";"";"";"";"";"20428";"10.55000";"10";"";"";"";"";"19363";"10.00000";"0";"0.00000";"";"";"";"";"";"0.0000";"";"";"0.0000";"";"";"0.0000";"";"";"0.0000";"";"";"0.0000";"0";"0.00";"27.5000";"532474";"275.00";"27.5000";"532474";"275.00";"27.500";"750778";"387.75";"27.500";"750778";"387.75";"0.000";"0.000";"0.000";"0";"0.00";"";"";"";"";"";"";"";"";"";"";"";"";"";"";"";"";"";"";"";"";"";"";"";"";"";"";"";"";"";"";"";"";"";"";"";"";"";"";"";"";"";"";"";"";"";"";"";"";"";"";"";"";"";"";"";"";"";"";"";"";"";"";"";"";"";"";"";"";"";"";"";"";""
"22";"GIRELLI BOVINO";"";"";"";"23000003";"";"";"";"";"";"";"";"";"";"20250515";"20250522";"23000010";"";"KG";"";"";"0007";"";"";"";"";"";"";"";"";"";"";"";"";"";"";"";"";"";"";"";"";"";"";"";"20331";"10.50000";"10";"";"";"";"";"21299";"11.00000";"17181";"8.87300";"";"";"";"";"";"0.0000";"";"";"0.0000";"";"";"0.0000";"";"";"0.0000";"";"";"173.8400";"2986745";"1542.48";"2269.4200";"42324287";"22531.50";"2269.4200";"42324287";"22531.50";"2262.200";"40099907";"20709.80";"2269.220";"40240987";"20782.70";"0.000";"0.000";"174.040";"3706878";"1914.44";"";"";"";"";"";"";"";"";"";"";"";"";"";"";"";"";"";"";"";"";"";"";"";"";"";"";"";"";"";"";"";"";"";"";"";"";"";"";"";"";"";"";"";"";"";"";"";"";"";"";"";"";"";"";"";"";"";"";"";"";"";"";"";"";"";"";"";"";"";"";"";"";""
"65";"TRITO SOTTOSPALLA";"";"";"";"23000005";"";"";"";"";"";"";"";"";"";"20230919";"20230919";"23000028";"";"KG";"";"";"0007";"";"";"";"";"";"";"";"";"";"";"";"";"";"";"";"";"";"";"";"";"";"";"";"6099";"3.15000";"10";"";"";"";"";"7745";"4.00000";"0";"0.00000";"";"";"";"";"";"0.0000";"";"";"0.0000";"";"";"0.0000";"";"";"0.0000";"";"";"4.0000";"0";"0.00";"0.0000";"0";"0.00";"0.0000";"0";"0.00";"0.000";"0";"0.00";"0.000";"0";"0.00";"0.000";"0.000";"4.000";"0";"0.00";"I";"";"1";"";"";"0";"0";"3";"2";"3";"2";"1";"1";"1";"3";"2";"2";"";"0";"";"";"";"";"";"";"";"";"";"";"";"";"";"";"";"";"";"";"1";"";"";"";"";"";"";"";"";"";"";"";"";"";"";"";"";"";"";"";"";"";"";"";"";"";"";"";"";"";"";"";"";"";"";""
"68";"PROSCIUTTO PARMA DISS.";"";"";"";"23000005";"";"";"";"";"";"";"";"";"";"20240521";"20240514";"23000005";"";"KG";"";"";"0007";"";"";"";"";"";"";"";"";"";"";"";"";"";"";"";"";"";"";"";"";"";"";"";"0";"0.00000";"10";"";"";"";"";"16458";"8.50000";"19231";"9.93182";"";"";"";"";"";"0.0000";"";"";"0.0000";"";"";"0.0000";"";"";"0.0000";"";"";"-0.3100";"-5962";"-3.08";"22.9100";"377059";"194.74";"22.9100";"377059";"194.74";"22.910";"504088";"260.34";"22.910";"504088";"260.34";"0.000";"0.000";"-0.310";"-5962";"-3.08";"I";"";"1";"";"";"0";"0";"3";"2";"3";"2";"1";"1";"1";"3";"2";"2";"";"0";"";"";"";"";"";"";"";"";"";"";"";"";"";"";"";"";"";"";"1";"";"";"";"";"";"";"";"";"";"";"";"";"";"";"";"";"";"";"";"";"";"";"";"";"";"";"";"";"";"";"";"";"";"";""
"69";"PROSCIUTTO PARMA C/OSSO";"";"";"";"23000005";"";"";"";"";"";"";"";"";"";"20250510";"20250114";"23000005";"";"KG";"";"";"0007";"";"";"";"";"";"";"";"";"";"";"";"";"";"";"";"";"";"";"";"";"";"";"";"12586";"6.50000";"10";"";"";"";"";"19169";"9.90000";"0";"0.00000";"";"";"";"";"";"0.0000";"";"";"0.0000";"";"";"0.0000";"";"";"0.0000";"";"";"0.0000";"0";"0.00";"49.5400";"949636";"490.45";"49.5400";"949636";"490.45";"49.540";"719421";"371.55";"49.540";"719421";"371.55";"0.000";"0.000";"0.000";"0";"0.00";"I";"";"1";"";"";"0";"0";"3";"2";"3";"2";"1";"1";"1";"3";"2";"2";"";"0";"";"";"";"";"";"";"";"";"";"";"";"";"";"";"";"";"";"";"1";"";"";"";"";"";"";"";"";"";"";"";"";"";"";"";"";"";"";"";"";"";"";"";"";"";"";"";"";"";"";"";"";"";"";""
"25";"ANTERIORE VITELLINA";"";"";"";"23000002";"";"";"";"";"";"";"";"";"";"20210216";"20210215";"23000002";"";"KG";"";"";"0007";"";"";"";"";"";"";"";"";"";"";"";"";"";"";"";"";"";"";"";"";"";"";"";"9294";"4.80000";"10";"";"";"";"";"10069";"5.20000";"0";"0.00000";"";"";"";"";"";"0.0000";"";"";"0.0000";"";"";"0.0000";"";"";"0.0000";"";"";"0.0000";"0";"0.00";"0.0000";"0";"0.00";"0.0000";"0";"0.00";"0.000";"0";"0.00";"0.000";"0";"0.00";"0.000";"0.000";"0.000";"0";"0.00";"";"";"";"";"";"";"";"";"";"";"";"";"";"";"";"";"";"";"";"";"";"";"";"";"";"";"";"";"";"";"";"";"";"";"";"";"";"";"";"";"";"";"";"";"";"";"";"";"";"";"";"";"";"";"";"";"";"";"";"";"";"";"";"";"";"";"";"";"";"";"";"";""
"26";"PERE BOVINO";"";"";"";"23000002";"";"";"";"";"";"";"";"";"";"20230303";"20230131";"23000002";"";"KG";"";"";"0007";"";"";"";"";"";"";"";"";"";"";"";"";"";"";"";"";"";"";"";"";"";"";"";"8423";"4.35000";"10";"";"";"";"";"8229";"4.25000";"0";"0.00000";"";"";"";"";"";"0.0000";"";"";"0.0000";"";"";"0.0000";"";"";"0.0000";"";"";"0.0000";"0";"0.00";"0.0000";"0";"0.00";"0.0000";"0";"0.00";"0.000";"0";"0.00";"0.000";"0";"0.00";"0.000";"0.000";"0.000";"0";"0.00";"";"";"";"";"";"";"";"";"";"";"";"";"";"";"";"";"";"";"";"";"";"";"";"";"";"";"";"";"";"";"";"";"";"";"";"";"";"";"";"";"";"";"";"";"";"";"";"";"";"";"";"";"";"";"";"";"";"";"";"";"";"";"";"";"";"";"";"";"";"";"";"";""
"31";"SALAME NAPOLI";"";"";"";"23000012";"";"";"";"";"";"";"";"";"";"20250513";"20250509";"23000012";"";"KG";"";"";"0007";"";"";"";"";"";"";"";"";"";"";"";"";"";"";"";"";"";"";"";"";"";"";"";"3776";"1.95000";"10";"";"";"";"";"14135";"7.30000";"15048";"7.77169";"";"";"";"";"";"0.0000";"";"";"0.0000";"";"";"0.0000";"";"";"0.0000";"";"";"664.9000";"10005415";"5167.40";"8371.6000";"102258143";"52811.89";"8371.6000";"102258143";"52811.89";"7679.000";"120159229";"62057.25";"7710.200";"120360395";"62161.14";"0.000";"0.000";"1326.300";"18747251";"9681.99";"";"";"";"";"";"";"";"";"";"";"";"";"";"";"";"";"";"";"";"";"";"";"";"";"";"";"";"";"";"";"";"";"";"";"";"";"";"";"";"";"";"";"";"";"";"";"";"";"";"";"";"";"";"";"";"";"";"";"";"";"";"";"";"";"";"";"";"";"";"";"";"";""
"35";"PROSCIUTTI SUINO C/O";"";"";"";"23000005";"";"";"";"";"";"";"";"";"";"20250521";"20250520";"23100002";"";"KG";"";"";"0007";"";"";"";"";"";"";"";"";"";"";"";"";"";"";"";"";"";"";"";"";"";"";"";"4841";"2.50000";"10";"";"";"";"";"7939";"4.10000";"5956";"3.07576";"";"";"";"";"";"0.0000";"";"";"0.0000";"";"";"0.0000";"";"";"0.0000";"";"";"-21.1000";"-125672";"-64.90";"18091.4400";"59594855";"30778.18";"18091.4400";"59594855";"30778.18";"17802.690";"102876853";"53130.49";"17832.840";"103058581";"53224.37";"0.000";"0.000";"237.500";"1885513";"973.75";"";"";"";"";"";"";"";"";"";"";"";"";"";"";"";"";"";"";"";"";"";"";"";"";"";"";"";"";"";"";"";"";"";"";"";"";"";"";"";"";"";"";"";"";"";"";"";"";"";"";"";"";"";"";"";"";"";"";"";"";"";"";"";"";"";"";"";"";"";"";"";"";""
"40";"PANCETTA RUSTICA";"";"";"";"23000012";"";"";"";"";"";"";"";"";"";"20230331";"20230525";"23000012";"";"KG";"";"";"0007";"";"";"";"";"";"";"";"";"";"";"";"";"";"";"";"";"";"";"";"";"";"";"";"13554";"7.00000";"10";"";"";"";"";"9681";"5.00000";"0";"0.00000";"";"";"";"";"";"0.0000";"";"";"0.0000";"";"";"0.0000";"";"";"0.0000";"";"";"0.0000";"0";"0.00";"0.0000";"0";"0.00";"0.0000";"0";"0.00";"0.000";"0";"0.00";"0.000";"0";"0.00";"0.000";"0.000";"0.000";"0";"0.00";"";"";"";"";"";"";"";"";"";"";"";"";"";"";"";"";"";"";"";"";"";"";"";"";"";"";"";"";"";"";"";"";"";"";"";"";"";"";"";"";"";"";"";"";"";"";"";"";"";"";"";"";"";"";"";"";"";"";"";"";"";"";"";"";"";"";"";"";"";"";"";"";""
"45";"CAPICOLLI";"";"";"";"23000005";"";"";"";"";"";"";"";"";"";"20250512";"20250502";"23000012";"";"KG";"";"";"0007";"";"";"";"";"";"";"";"";"";"";"";"";"";"";"";"";"";"";"";"";"";"";"";"15877";"8.20000";"10";"";"";"";"";"17426";"9.00000";"21558";"11.13370";"";"";"";"";"";"0.0000";"";"";"0.0000";"";"";"0.0000";"";"";"0.0000";"";"";"42.2100";"909963";"469.95";"2132.4200";"40515412";"20924.47";"2132.4200";"40515412";"20924.47";"1853.820";"36073079";"18630.15";"1919.810";"40034081";"20675.84";"0.000";"0.000";"254.820";"4440493";"2293.38";"";"";"";"";"";"";"";"";"";"";"";"";"";"";"";"";"";"";"";"";"";"";"";"";"";"";"";"";"";"";"";"";"";"";"";"";"";"";"";"";"";"";"";"";"";"";"";"";"";"";"";"";"";"";"";"";"";"";"";"";"";"";"";"";"";"";"";"";"";"";"";"";""
"60";"BIANCOSTATO  C.OSSO SCOT.";"";"";"";"23000010";"";"";"";"";"";"";"";"";"";"20250510";"20250413";"23100015";"";"KG";"";"";"0007";"";"";"";"";"";"";"";"";"";"";"";"";"";"";"";"";"";"";"";"";"";"";"";"12586";"6.50000";"10";"";"";"";"";"13941";"7.20000";"12234";"6.31844";"";"";"";"";"";"0.0000";"";"";"0.0000";"";"";"0.0000";"";"";"0.0000";"";"";"47.7400";"584051";"301.64";"15780.3100";"184389483";"95229.79";"15780.3100";"184389483";"95229.79";"15696.980";"163422220";"84400.60";"15887.370";"165352929";"85397.73";"0.000";"0.000";"-59.320";"-826980";"-427.10";"I";"";"1";"";"";"0";"0";"3";"2";"3";"2";"1";"1";"1";"3";"2";"2";"";"0";"";"";"";"";"";"";"";"";"";"";"";"";"";"";"";"";"";"";"1";"";"";"";"";"";"";"";"";"";"";"";"";"";"";"";"";"";"";"";"";"";"";"";"";"";"";"";"";"";"";"";"";"";"";""
"61";"CHUCK ROLL BOVINO SV";"";"";"";"23000010";"";"";"";"";"";"";"";"";"";"20210914";"20210914";"23000024";"";"KG";"";"";"0007";"";"";"";"";"";"";"";"";"";"";"";"";"";"";"";"";"";"";"";"";"";"";"";"13360";"6.90000";"10";"";"";"";"";"13941";"7.20000";"0";"0.00000";"";"";"";"";"";"0.0000";"";"";"0.0000";"";"";"0.0000";"";"";"0.0000";"";"";"0.0000";"0";"0.00";"0.0000";"0";"0.00";"0.0000";"0";"0.00";"0.000";"0";"0.00";"0.000";"0";"0.00";"0.000";"0.000";"0.000";"0";"0.00";"I";"";"1";"";"";"0";"0";"3";"2";"3";"2";"1";"1";"1";"3";"2";"2";"";"0";"";"";"";"";"";"";"";"";"";"";"";"";"";"";"";"";"";"";"1";"";"";"";"";"";"";"";"";"";"";"";"";"";"";"";"";"";"";"";"";"";"";"";"";"";"";"";"";"";"";"";"";"";"";""
"62";"MUSCOLO BOVINO ADULTO";"";"";"";"23000010";"";"";"";"";"";"";"";"";"";"20250520";"20250522";"23000010";"";"KG";"";"";"0007";"";"";"";"";"";"";"";"";"";"";"";"";"";"";"";"";"";"";"";"";"";"";"";"14522";"7.50000";"10";"";"";"";"";"14716";"7.60000";"12356";"6.38126";"";"";"";"";"";"0.0000";"";"";"0.0000";"";"";"0.0000";"";"";"0.0000";"";"";"208.3100";"2573878";"1329.28";"6028.3500";"82570957";"42644.29";"6028.3500";"82570957";"42644.29";"6073.730";"66443787";"34315.57";"6085.770";"66637188";"34415.46";"0.000";"0.000";"150.890";"2220497";"1146.76";"I";"";"1";"";"";"0";"0";"3";"2";"3";"2";"1";"1";"1";"3";"2";"2";"";"0";"";"";"";"";"";"";"";"";"";"";"";"";"";"";"";"";"";"";"1";"";"";"";"";"";"";"";"";"";"";"";"";"";"";"";"";"";"";"";"";"";"";"";"";"";"";"";"";"";"";"";"";"";"";""
"LOTTO PL";"LOTTO PL";"";"";"";"23000011";"";"";"";"";"";"";"";"";"";"20250513";"20221124";"23000024";"";"";"";"";"";"";"";"";"";"";"";"";"";"";"";"";"";"";"";"";"";"";"";"";"";"";"";"";"";"";"10";"";"";"";"";"";"";"0";"0.00000";"";"";"";"";"";"0.0000";"";"";"0.0000";"";"";"0.0000";"";"";"0.0000";"";"";"0.0000";"0";"0.00";"0.0000";"0";"0.00";"0.0000";"0";"0.00";"0.000";"0";"0.00";"0.000";"0";"0.00";"0.000";"0.000";"0.000";"0";"0.00";"I";"";"1";"";"";"0";"0";"3";"2";"3";"2";"1";"1";"1";"3";"2";"2";"";"0";"";"";"";"";"";"";"";"";"";"";"";"";"";"";"";"";"";"";"1";"";"";"";"";"";"";"";"";"";"";"";"";"";"";"";"";"";"";"";"";"";"";"";"";"";"";"";"";"";"";"";"";"";"";""
"30";"FILETTI BOVINO";"";"";"";"23000003";"";"";"";"";"";"";"";"";"";"20241221";"20241219";"23000006";"";"KG";"";"";"0007";"";"";"";"";"";"";"";"";"";"";"";"";"";"";"";"";"";"";"";"";"";"";"";"0";"0.00000";"10";"";"";"";"";"34466";"17.80000";"24010";"12.40000";"";"";"";"";"";"0.0000";"";"";"0.0000";"";"";"0.0000";"";"";"0.0000";"";"";"2.7000";"64827";"33.48";"6.0000";"206793";"106.80";"6.0000";"206793";"106.80";"3.300";"44728";"23.10";"3.300";"44728";"23.10";"0.000";"0.000";"2.700";"64827";"33.48";"I";"";"1";"";"";"0";"0";"3";"2";"3";"2";"1";"1";"1";"3";"2";"2";"";"0";"";"";"";"";"";"";"";"";"";"";"";"";"";"";"";"";"";"";"1";"";"";"";"";"";"";"";"";"";"";"";"";"";"";"";"";"";"";"";"";"";"";"";"";"";"";"";"";"";"";"";"";"";"";""
"19";"SPALLE SUINO NAZ";"";"";"";"23000005";"";"";"";"";"";"";"";"";"";"20250522";"20250520";"23000028";"";"KG";"";"";"0007";"";"";"";"";"";"";"";"";"";"";"";"";"";"";"";"";"";"";"";"";"";"";"";"0";"0.00000";"10";"";"";"";"";"6099";"3.15000";"8793";"4.54140";"";"";"";"";"";"0.0000";"";"";"0.0000";"";"";"0.0000";"";"";"0.0000";"";"";"122.2000";"1074505";"554.96";"40822.3000";"328471053";"169642.40";"40822.3000";"328471053";"169642.40";"40743.150";"353669369";"182656.13";"41132.000";"356517471";"184127.08";"0.000";"0.000";"-187.500";"-1143563";"-590.63";"I";"";"1";"";"";"0";"0";"3";"2";"3";"2";"1";"1";"1";"3";"2";"2";"";"0";"";"";"";"";"";"";"";"";"";"";"";"";"";"";"";"";"";"";"1";"";"";"";"";"";"";"";"";"";"";"";"";"";"";"";"";"";"";"";"";"";"";"";"";"";"";"";"";"";"";"";"";"";"";""
"44";"PANCETTE TESE STAGIONATE";"";"";"";"23000012";"";"";"";"";"";"";"";"";"";"20250508";"20250502";"23000012";"";"KG";"";"";"0007";"";"";"";"";"";"";"";"";"";"";"";"";"";"";"";"";"";"";"";"";"";"";"";"39694";"20.50000";"10";"";"";"";"";"14135";"7.30000";"15889";"8.20596";"";"";"";"";"";"0.0000";"";"";"0.0000";"";"";"0.0000";"";"";"0.0000";"";"";"334.8000";"5319637";"2747.36";"1698.1000";"27905083";"14411.77";"1698.1000";"27905083";"14411.77";"1281.220";"17542836";"9060.04";"1302.590";"18157544";"9377.51";"0.000";"0.000";"730.310";"10322932";"5331.26";"";"";"";"";"";"";"";"";"";"";"";"";"";"";"";"";"";"";"";"";"";"";"";"";"";"";"";"";"";"";"";"";"";"";"";"";"";"";"";"";"";"";"";"";"";"";"";"";"";"";"";"";"";"";"";"";"";"";"";"";"";"";"";"";"";"";"";"";"";"";"";"";""
"42";"PANCETTE ARROTOLATE";"";"";"";"23000012";"";"";"";"";"";"";"";"";"";"20250517";"20250509";"23000012";"";"KG";"";"";"0007";"";"";"";"";"";"";"";"";"";"";"";"";"";"";"";"";"";"";"";"";"";"";"";"16458";"8.50000";"10";"";"";"";"";"16652";"8.60000";"18497";"9.55278";"";"";"";"";"";"0.0000";"";"";"0.0000";"";"";"0.0000";"";"";"0.0000";"";"";"-18.4000";"-340345";"-175.77";"1868.5000";"31037808";"16029.70";"1868.5000";"31037808";"16029.70";"1844.320";"35933026";"18557.64";"1845.920";"35959484";"18571.30";"0.000";"0.000";"4.180";"69605";"35.95";"I";"";"1";"";"";"0";"0";"3";"2";"3";"2";"1";"1";"1";"3";"2";"2";"";"0";"";"";"";"";"";"";"";"";"";"";"";"";"";"";"";"";"";"";"1";"";"";"";"";"";"";"";"";"";"";"";"";"";"";"";"";"";"";"";"";"";"";"";"";"";"";"";"";"";"";"";"";"";"";""
"100";"GUANCIALI";"";"";"";"23000002";"";"";"";"";"";"";"";"";"";"20250522";"20250517";"23000002";"";"KG";"";"";"0007";"";"";"";"";"";"";"";"";"";"";"";"";"";"";"";"";"";"";"";"";"";"";"";"25172";"13.00000";"10";"";"";"";"";"194";"0.10000";"7100";"3.66679";"";"";"";"";"";"0.0000";"";"";"0.0000";"";"";"0.0000";"";"";"0.0000";"";"";"21.5000";"152650";"78.84";"332.9000";"701778";"362.45";"332.9000";"701778";"362.45";"238.350";"2947517";"1522.27";"344.600";"2968045";"1532.89";"0.000";"0.000";"9.800";"1901";"0.98";"";"";"";"";"";"";"";"";"";"";"";"";"";"";"";"";"";"";"";"";"";"";"";"";"";"";"";"";"";"";"";"";"";"";"";"";"";"";"";"";"";"";"";"";"";"";"";"";"";"";"";"";"";"";"";"";"";"";"";"";"";"";"";"";"";"";"";"";"";"";"";"";""
"70";"SPALLA BOVINO ADULTO";"";"";"";"23000011";"";"";"";"";"";"";"";"";"";"20201121";"20201121";"23000011";"";"KG";"";"";"0007";"";"";"";"";"";"";"";"";"";"";"";"";"";"";"";"";"";"";"";"";"";"";"";"0";"0.00000";"10";"";"";"";"";"9004";"4.65000";"0";"0.00000";"";"";"";"";"";"0.0000";"";"";"0.0000";"";"";"0.0000";"";"";"0.0000";"";"";"0.0000";"0";"0.00";"0.0000";"0";"0.00";"0.0000";"0";"0.00";"0.000";"0";"0.00";"0.000";"0";"0.00";"0.000";"0.000";"0.000";"0";"0.00";"";"";"";"";"";"";"";"";"";"";"";"";"";"";"";"";"";"";"";"";"";"";"";"";"";"";"";"";"";"";"";"";"";"";"";"";"";"";"";"";"";"";"";"";"";"";"";"";"";"";"";"";"";"";"";"";"";"";"";"";"";"";"";"";"";"";"";"";"";"";"";"";""
"71";"SCAMONE BOVINO SV";"";"";"";"23000011";"";"";"";"";"";"";"";"";"";"20250519";"20250418";"23000010";"";"KG";"";"";"0007";"";"";"";"";"";"";"";"";"";"";"";"";"";"";"";"";"";"";"";"";"";"";"";"16071";"8.30000";"10";"";"";"";"";"17620";"9.10000";"15098";"7.79723";"";"";"";"";"";"0.0000";"";"";"0.0000";"";"";"0.0000";"";"";"0.0000";"";"";"78.8050";"1189798";"614.46";"519.3300";"8702412";"4494.44";"519.3300";"8702412";"4494.44";"472.620";"6553202";"3384.45";"473.620";"6570822";"3393.55";"0.000";"0.000";"124.515";"2193954";"1133.09";"";"";"";"";"";"";"";"";"";"";"";"";"";"";"";"";"";"";"";"";"";"";"";"";"";"";"";"";"";"";"";"";"";"";"";"";"";"";"";"";"";"";"";"";"";"";"";"";"";"";"";"";"";"";"";"";"";"";"";"";"";"";"";"";"";"";"";"";"";"";"";"";""
"72";"NOCE B/A SV";"";"";"";"";"";"";"";"";"";"";"";"";"";"";"";"";"";"KG";"";"";"0007";"";"";"";"";"";"";"";"";"";"";"";"";"";"";"";"";"";"";"";"";"";"";"";"";"";"10";"";"";"";"";"";"";"0";"0.00000";"";"";"";"";"";"0.0000";"";"";"0.0000";"";"";"0.0000";"";"";"0.0000";"";"";"0.0000";"0";"0.00";"0.0000";"0";"0.00";"0.0000";"0";"0.00";"0.000";"0";"0.00";"0.000";"0";"0.00";"0.000";"0.000";"0.000";"0";"0.00";"";"";"";"";"";"";"";"";"";"";"";"";"";"";"";"";"";"";"";"";"";"";"";"";"";"";"";"";"";"";"";"";"";"";"";"";"";"";"";"";"";"";"";"";"";"";"";"";"";"";"";"";"";"";"";"";"";"";"";"1";"";"";"";"";"";"";"";"";"";"";"";"";""
"73";"NOCE B/A SV";"";"";"";"23000015";"";"";"";"";"";"";"";"";"";"20250507";"20250516";"23000010";"";"KG";"";"";"0007";"";"";"";"";"";"";"";"";"";"";"";"";"";"";"";"";"";"";"";"";"";"";"";"18395";"9.50000";"10";"";"";"";"";"18588";"9.60000";"13372";"6.90627";"";"";"";"";"";"0.0000";"";"";"0.0000";"";"";"0.0000";"";"";"0.0000";"";"";"226.0400";"3022607";"1561.09";"4475.6100";"65299150";"34233.61";"4475.6100";"65299150";"34233.61";"4287.860";"49438420";"25533.02";"4287.860";"49438420";"25533.02";"0.000";"0.000";"413.790";"7691529";"3972.38";"";"";"";"";"";"";"";"";"";"";"";"";"";"";"";"";"";"";"";"";"";"";"";"";"";"";"";"";"";"";"";"";"";"";"";"";"";"";"";"";"";"";"";"";"";"";"";"";"";"";"";"";"";"";"";"";"";"";"";"";"";"";"";"";"";"";"";"";"";"";"";"";""
"74";"ALETTA BOVINO ADULTO";"";"";"";"23000010";"";"";"";"";"";"";"";"";"";"20240726";"20240725";"23000010";"";"KG";"";"";"0007";"";"";"";"";"";"";"";"";"";"";"";"";"";"";"";"";"";"";"";"";"";"";"";"0";"0.00000";"10";"";"";"";"";"10649";"5.50000";"16942";"8.75000";"";"";"";"";"";"0.0000";"";"";"0.0000";"";"";"0.0000";"";"";"0.0000";"";"";"0.0000";"0";"0.00";"7.9300";"184253";"95.16";"7.9300";"184253";"95.16";"7.930";"84450";"43.62";"7.930";"84450";"43.62";"0.000";"0.000";"0.000";"0";"0.00";"I";"";"1";"";"";"0";"0";"3";"2";"3";"2";"1";"1";"1";"3";"2";"2";"";"0";"";"";"";"";"";"";"";"";"";"";"";"";"";"";"";"";"";"";"1";"";"";"";"";"";"";"";"";"";"";"";"";"";"";"";"";"";"";"";"";"";"";"";"";"";"";"";"";"";"";"";"";"";"";""
"75";"COSTATE BOVINO ADULTO SV";"";"";"";"23000010";"";"";"";"";"";"";"";"";"";"20250522";"20250522";"23000010";"";"KG";"";"";"0007";"";"";"";"";"";"";"";"";"";"";"";"";"";"";"";"";"";"";"";"";"";"";"";"25172";"13.00000";"10";"";"";"";"";"20524";"10.60000";"16996";"8.77750";"";"";"";"";"";"0.0000";"";"";"0.0000";"";"";"0.0000";"";"";"0.0000";"";"";"1178.6300";"20031995";"10345.42";"35849.1300";"607422945";"313784.15";"35849.1300";"607422945";"313784.15";"35179.590";"579100815";"299081.26";"35205.270";"579497485";"299286.21";"0.000";"0.000";"1822.490";"37404785";"19318.39";"I";"";"1";"";"";"0";"0";"3";"2";"3";"2";"1";"1";"1";"3";"2";"2";"";"0";"";"";"";"";"";"";"";"";"";"";"";"";"";"";"";"";"";"";"1";"";"";"";"";"";"";"";"";"";"";"";"";"";"";"";"";"";"";"";"";"";"";"";"";"";"";"";"";"";"";"";"";"";"";""
"76";"FILETTO BOVINO SV";"";"";"";"23000010";"";"";"";"";"";"";"";"";"";"20250522";"20250522";"23100002";"";"KG";"";"";"0007";"";"";"";"";"";"";"";"";"";"";"";"";"";"";"";"";"";"";"";"";"";"";"";"0";"0.00000";"10";"";"";"";"";"45502";"23.50000";"42614";"22.00849";"";"";"";"";"";"0.0000";"";"";"0.0000";"";"";"0.0000";"";"";"0.0000";"";"";"2.3100";"98438";"50.84";"1266.3300";"54491539";"28142.55";"1266.3300";"54491539";"28142.55";"1215.690";"52854213";"27296.91";"1266.430";"54827504";"28316.03";"0.000";"0.000";"2.210";"100559";"51.94";"";"";"";"";"";"";"";"";"";"";"";"";"";"";"";"";"";"";"";"";"";"";"";"";"";"";"";"";"";"";"";"";"";"";"";"";"";"";"";"";"";"";"";"";"";"";"";"";"";"";"";"";"";"";"";"";"";"";"";"";"";"";"";"";"";"";"";"";"";"";"";"";""
"78";"SPINACINO BOVINO SV";"";"";"";"";"";"";"";"";"";"";"";"";"";"";"";"";"";"KG";"";"";"0007";"";"";"";"";"";"";"";"";"";"";"";"";"";"";"";"";"";"";"";"";"";"";"";"";"";"10";"";"";"";"";"";"";"0";"0.00000";"";"";"";"";"";"0.0000";"";"";"0.0000";"";"";"0.0000";"";"";"0.0000";"";"";"0.0000";"0";"0.00";"0.0000";"0";"0.00";"0.0000";"0";"0.00";"0.000";"0";"0.00";"0.000";"0";"0.00";"0.000";"0.000";"0.000";"0";"0.00";"";"";"";"";"";"";"";"";"";"";"";"";"";"";"";"";"";"";"";"";"";"";"";"";"";"";"";"";"";"";"";"";"";"";"";"";"";"";"";"";"";"";"";"";"";"";"";"";"";"";"";"";"";"";"";"";"";"";"";"1";"";"";"";"";"";"";"";"";"";"";"";"";""
"77";"SCAMONE BOVINO SV";"";"";"";"23000010";"";"";"";"";"";"";"";"";"";"20240328";"20240327";"23000010";"";"KG";"";"";"0007";"";"";"";"";"";"";"";"";"";"";"";"";"";"";"";"";"";"";"";"";"";"";"";"16071";"8.30000";"10";"";"";"";"";"11618";"6.00000";"13893";"7.17500";"";"";"";"";"";"0.0000";"";"";"0.0000";"";"";"0.0000";"";"";"0.0000";"";"";"0.0000";"0";"0.00";"21.4200";"248849";"128.52";"21.4200";"248849";"128.52";"21.420";"346318";"178.86";"21.420";"346318";"178.86";"0.000";"0.000";"0.000";"0";"0.00";"I";"";"1";"";"";"0";"0";"3";"2";"3";"2";"1";"1";"1";"3";"2";"2";"";"0";"";"";"";"";"";"";"";"";"";"";"";"";"";"";"";"";"";"";"1";"";"";"";"";"";"";"";"";"";"";"";"";"";"";"";"";"";"";"";"";"";"";"";"";"";"";"";"";"";"";"";"";"";"";""
"80";"CARRE BOV. AD SASHI FINLANDIA";"";"";"";"23000010";"";"";"";"";"";"";"";"";"";"20240420";"20240419";"23000031";"";"KG";"";"";"0007";"";"";"";"";"";"";"";"";"";"";"";"";"";"";"";"";"";"";"";"";"";"";"";"26837";"13.86000";"10";"";"";"";"";"34562";"17.85000";"32650";"16.86250";"";"";"";"";"";"0.0000";"";"";"0.0000";"";"";"0.0000";"";"";"0.0000";"";"";"0.0000";"0";"0.00";"42.5000";"1468902";"758.63";"42.5000";"1468902";"758.63";"42.500";"1265750";"653.70";"42.500";"1265750";"653.70";"0.000";"0.000";"0.000";"0";"0.00";"";"";"";"";"";"";"";"";"";"";"";"";"";"";"";"";"";"";"";"";"";"";"";"";"";"";"";"";"";"";"";"";"";"";"";"";"";"";"";"";"";"";"";"";"";"";"";"";"";"";"";"";"";"";"";"";"";"";"";"";"";"";"";"";"";"";"";"";"";"";"";"";""
"81";"ROASTBEEF BOVINO ADULTO C/OSSO FRIS.";"";"";"";"23000010";"";"";"";"";"";"";"";"";"";"20230706";"20230704";"23000032";"";"KG";"";"";"0007";"";"";"";"";"";"";"";"";"";"";"";"";"";"";"";"";"";"";"";"";"";"";"";"26837";"13.86000";"10";"";"";"";"";"18007";"9.30000";"0";"0.00000";"";"";"";"";"";"0.0000";"";"";"0.0000";"";"";"0.0000";"";"";"0.0000";"";"";"0.5000";"0";"0.00";"0.0000";"0";"0.00";"0.0000";"0";"0.00";"0.000";"0";"0.00";"0.000";"0";"0.00";"0.000";"0.000";"0.500";"0";"0.00";"";"";"";"";"";"";"";"";"";"";"";"";"";"";"";"";"";"";"";"";"";"";"";"";"";"";"";"";"";"";"";"";"";"";"";"";"";"";"";"";"";"";"";"";"";"";"";"";"";"";"";"";"";"";"";"";"";"";"";"";"";"";"";"";"";"";"";"";"";"";"";"";""
"85";"ROASTBEEF SCOTTONA C/O PL";"";"";"";"23000024";"";"";"";"";"";"";"";"";"";"20230522";"20230519";"23000010";"";"KG";"";"";"0007";"";"";"";"";"";"";"";"";"";"";"";"";"";"";"";"";"";"";"";"";"";"";"";"20331";"10.50000";"10";"";"";"";"";"18007";"9.30000";"0";"0.00000";"";"";"";"";"";"";"";"";"";"";"";"";"";"";"";"";"";"0.0000";"0";"0.00";"0.0000";"0";"0.00";"0.0000";"0";"0.00";"0.000";"0";"0.00";"0.000";"0";"0.00";"";"";"0.000";"0";"0.00";"I";"";"1";"";"";"0";"0";"3";"2";"3";"2";"1";"1";"1";"3";"2";"2";"";"0";"";"";"";"";"";"";"";"";"";"";"";"";"";"";"";"";"";"";"1";"";"";"";"";"";"";"";"";"";"";"";"";"";"";"";"";"";"";"";"";"";"";"";"";"";"";"";"";"";"";"";"";"";"";""
"82";"ROASTBEEF BOVINO C/OSSO ANGUS";"";"";"";"23000024";"";"";"";"";"";"";"";"";"";"20230630";"20230630";"23000010";"";"KG";"";"";"0007";"";"";"";"";"";"";"";"";"";"";"";"";"";"";"";"";"";"";"";"";"";"";"";"26140";"13.50000";"10";"";"";"";"";"32917";"17.00000";"0";"0.00000";"";"";"";"";"";"";"";"";"";"";"";"";"";"";"";"";"";"-2.8000";"0";"0.00";"0.0000";"0";"0.00";"0.0000";"0";"0.00";"0.000";"0";"0.00";"0.000";"0";"0.00";"";"";"-2.800";"0";"0.00";"I";"";"1";"";"";"0";"0";"3";"2";"3";"2";"1";"1";"1";"3";"2";"2";"";"0";"";"";"";"";"";"";"";"";"";"";"";"";"";"";"";"";"";"";"1";"";"";"";"";"";"";"";"";"";"";"";"";"";"";"";"";"";"";"";"";"";"";"";"";"";"";"";"";"";"";"";"";"";"";""
"53";"PANCETTE C.COSTINE TD";"";"";"";"23000024";"";"";"";"";"";"";"";"";"";"20250522";"20250517";"23000042";"";"KG";"";"";"0007";"";"";"";"";"";"";"";"";"";"";"";"";"";"";"";"";"";"";"";"";"";"";"";"5712";"2.95000";"10";"";"";"";"";"6874";"3.55000";"6860";"3.54282";"";"";"";"";"";"";"";"";"";"";"";"";"";"";"";"";"";"517.9180";"3552917";"1834.89";"26379.9000";"164841815";"85133.40";"26379.9000";"164841815";"85133.40";"26219.790";"180757624";"93352.01";"26548.812";"181031239";"93493.34";"";"";"349.006";"2399067";"1238.97";"I";"";"1";"";"";"0";"0";"3";"2";"3";"2";"1";"1";"1";"3";"2";"2";"";"0";"";"";"";"";"";"";"";"";"";"";"";"";"";"";"";"";"";"";"1";"";"";"";"";"";"";"";"";"";"";"";"";"";"";"";"";"";"";"";"";"";"";"";"";"";"";"";"";"";"";"";"";"";"";""
"54";"PANCETTE C.COSTINE NAZ";"";"";"";"23000024";"";"";"";"";"";"";"";"";"";"20250519";"20250509";"23000028";"";"KG";"";"";"0007";"";"";"";"";"";"";"";"";"";"";"";"";"";"";"";"";"";"";"";"";"";"";"";"6196";"3.20000";"10";"";"";"";"";"6777";"3.50000";"7504";"3.87563";"";"";"";"";"";"";"";"";"";"";"";"";"";"";"";"";"";"150.6000";"1130102";"583.67";"7022.7000";"45605406";"23553.33";"7022.7000";"45605406";"23553.33";"6956.600";"50901193";"26288.36";"7052.600";"51469016";"26581.66";"";"";"120.700";"817984";"422.45";"I";"";"1";"";"";"0";"0";"3";"2";"3";"2";"1";"1";"1";"3";"2";"2";"";"0";"";"";"";"";"";"";"";"";"";"";"";"";"";"";"";"";"";"";"1";"";"";"";"";"";"";"";"";"";"";"";"";"";"";"";"";"";"";"";"";"";"";"";"";"";"";"";"";"";"";"";"";"";"";""
"SFRIDO";"CALO PESO";"";"";"";"";"";"";"";"";"";"";"";"";"";"";"";"";"";"KG";"";"";"";"";"";"";"";"";"";"";"";"";"";"";"";"";"";"";"";"";"";"";"";"";"";"";"";"";"10";"";"";"";"";"";"";"0";"0.00000";"";"";"";"";"";"";"";"";"";"";"";"";"";"";"";"";"";"0.0000";"0";"0.00";"0.0000";"0";"0.00";"0.0000";"0";"0.00";"0.000";"0";"0.00";"0.000";"0";"0.00";"";"";"0.000";"0";"0.00";"I";"";"1";"";"";"0";"0";"3";"2";"3";"2";"1";"1";"1";"3";"2";"2";"";"0";"";"";"";"";"";"";"";"";"";"";"";"";"";"";"";"";"";"";"1";"";"";"";"";"";"";"";"";"";"";"";"";"";"";"";"";"";"";"";"";"";"";"";"";"";"";"";"";"";"";"";"";"";"";""
"90";"ORO TONNO";"";"";"";"23000030";"";"";"";"";"";"";"";"";"";"20250430";"20250422";"23000049";"";"";"";"";"";"";"";"";"";"";"";"";"";"";"";"";"";"";"";"";"";"";"";"";"";"";"";"";"5145";"2.65700";"10";"";"";"";"";"5809";"3.00000";"7955";"4.10842";"";"";"";"";"";"";"";"";"";"";"";"";"";"";"";"";"";"3.5000";"27843";"14.38";"2796.2500";"15807568";"8163.69";"2796.2500";"15807568";"8163.69";"2784.750";"14795076";"7640.95";"2784.750";"14795076";"7640.95";"";"";"15.000";"87135";"45.00";"I";"";"1";"";"";"0";"0";"3";"2";"3";"2";"1";"1";"1";"3";"2";"2";"";"0";"";"";"";"";"";"";"";"";"";"";"";"";"";"";"";"";"";"";"1";"";"";"";"";"";"";"";"";"";"";"";"";"";"";"";"";"";"";"";"";"";"";"";"";"";"";"";"";"";"";"";"";"";"";""
"200";"ENTRECOTE PL BOV.WOLOWINA SV";"";"";"";"23000031";"";"";"";"";"";"";"";"";"";"20240403";"20240326";"23000031";"";"KG";"";"";"0007";"";"";"";"";"";"";"";"";"";"";"";"";"";"";"";"";"";"";"";"";"";"";"";"0";"0.00000";"10";"";"";"";"";"48794";"25.20000";"145414";"75.10000";"";"";"";"";"";"";"";"";"";"";"";"";"";"";"";"";"";"0.0000";"0";"0.00";"4.4300";"216157";"111.64";"4.4300";"216157";"111.64";"4.430";"1072210";"553.75";"4.430";"1072210";"553.75";"";"";"0.000";"0";"0.00";"I";"";"1";"";"";"0";"0";"3";"2";"3";"2";"1";"1";"1";"3";"2";"2";"";"0";"";"";"";"";"";"";"";"";"";"";"";"";"";"";"";"";"";"";"1";"";"";"";"";"";"";"";"";"";"";"";"";"";"";"";"";"";"";"";"";"";"";"";"";"";"";"";"";"";"";"";"";"";"";""
"201";"ENTRECOTE B.A.TACUAR ANGUS FR-URUGUAY";"";"";"";"23000031";"";"";"";"";"";"";"";"";"";"20230629";"20230225";"23000031";"";"KG";"";"";"0007";"";"";"";"";"";"";"";"";"";"";"";"";"";"";"";"";"";"";"";"";"";"";"";"0";"0.00000";"10";"";"";"";"";"47051";"24.30000";"0";"0.00000";"";"";"";"";"";"";"";"";"";"";"";"";"";"";"";"";"";"0.0000";"0";"0.00";"0.0000";"0";"0.00";"0.0000";"0";"0.00";"0.000";"0";"0.00";"0.000";"0";"0.00";"";"";"0.000";"0";"0.00";"I";"";"1";"";"";"0";"0";"3";"2";"3";"2";"1";"1";"1";"3";"2";"2";"";"0";"";"";"";"";"";"";"";"";"";"";"";"";"";"";"";"";"";"";"1";"";"";"";"";"";"";"";"";"";"";"";"";"";"";"";"";"";"";"";"";"";"";"";"";"";"";"";"";"";"";"";"";"";"";""
"202";"ENTRECOTE B.A. COTO ARGENTINO F.";"";"";"";"23000031";"";"";"";"";"";"";"";"";"";"20230620";"20230617";"23000031";"";"KG";"";"";"0007";"";"";"";"";"";"";"";"";"";"";"";"";"";"";"";"";"";"";"";"";"";"";"";"0";"0.00000";"10";"";"";"";"";"36208";"18.70000";"0";"0.00000";"";"";"";"";"";"";"";"";"";"";"";"";"";"";"";"";"";"0.3000";"0";"0.00";"0.0000";"0";"0.00";"0.0000";"0";"0.00";"0.000";"0";"0.00";"0.000";"0";"0.00";"";"";"0.300";"0";"0.00";"I";"";"1";"";"";"0";"0";"3";"2";"3";"2";"1";"1";"1";"3";"2";"2";"";"0";"";"";"";"";"";"";"";"";"";"";"";"";"";"";"";"";"";"";"1";"";"";"";"";"";"";"";"";"";"";"";"";"";"";"";"";"";"";"";"";"";"";"";"";"";"";"";"";"";"";"";"";"";"";""
"04";"BOVINO AD./SCOTTONA NAZ";"";"";"";"23000002";"";"";"";"";"";"";"";"";"";"20250522";"20250520";"23000002";"";"KG";"";"";"0007";"";"";"";"";"";"";"";"";"";"";"";"";"";"";"";"";"";"";"";"";"";"";"";"13360";"6.90000";"10";"";"";"";"";"13748";"7.10000";"12089";"6.24560";"";"";"";"";"";"";"";"";"";"";"";"";"";"";"";"";"";"4181.7200";"50552813";"26117.35";"1121084.3500";"13677282602";"7069286.27";"1121084.3500";"13677282602";"7069286.27";"1120709.060";"13879589816";"7168164.92";"1121961.340";"13894285300";"7175754.92";"";"";"3304.730";"45433428";"23463.58";"";"";"";"";"";"";"";"";"";"";"";"";"";"";"";"";"";"";"";"";"";"";"";"";"";"";"";"";"";"";"";"";"";"";"";"";"";"";"";"";"";"";"";"";"";"";"";"";"";"";"";"";"";"";"";"";"";"";"";"";"";"";"";"";"";"";"";"";"";"";"";"";""
"203";"ENTRECOTE ARGENTINA PILAGA' SV";"";"";"";"23000031";"";"";"";"";"";"";"";"";"";"20250222";"20250222";"23000031";"";"KG";"";"";"0007";"";"";"";"";"";"";"";"";"";"";"";"";"";"";"";"";"";"";"";"";"";"";"";"0";"0.00000";"10";"";"";"";"";"39113";"20.20000";"0";"0.00000";"";"";"";"";"";"";"";"";"";"";"";"";"";"";"";"";"";"0.0000";"0";"0.00";"5.0000";"195563";"101.00";"5.0000";"195563";"101.00";"5.000";"199340";"102.95";"5.000";"199340";"102.95";"";"";"0.000";"0";"0.00";"I";"";"1";"";"";"0";"0";"3";"2";"3";"2";"1";"1";"1";"3";"2";"2";"";"0";"";"";"";"";"";"";"";"";"";"";"";"";"";"";"";"";"";"";"1";"";"";"";"";"";"";"";"";"";"";"";"";"";"";"";"";"";"";"";"";"";"";"";"";"";"";"";"";"";"";"";"";"";"";""
"91";"SALSICCIA DI SUINO FRESCA";"";"";"";"";"";"";"";"";"";"";"";"";"";"20250218";"20250221";"";"";"KG";"";"";"0007";"";"";"";"";"";"";"";"";"";"";"";"";"";"";"";"";"";"";"";"";"";"";"";"0";"0.00000";"10";"";"";"";"";"14522";"7.50000";"0";"0.00000";"";"";"";"";"";"";"";"";"";"";"";"";"";"";"";"";"";"0.0000";"0";"0.00";"30.2000";"0";"0.00";"30.2000";"0";"0.00";"29.120";"451069";"232.96";"30.200";"466752";"241.14";"";"";"0.000";"0";"0.00";"I";"";"1";"";"";"0";"0";"3";"2";"3";"2";"1";"1";"1";"3";"2";"2";"";"0";"";"";"";"";"";"";"";"";"";"";"";"";"";"";"";"";"";"";"1";"";"";"";"";"";"";"";"";"";"";"";"";"";"";"";"";"";"";"";"";"";"";"";"";"";"";"";"";"";"";"";"";"";"";""
"92";"HAMBURGER DI SCOTTONA";"";"";"";"";"";"";"";"";"";"";"";"";"";"20231125";"20231124";"";"";"KG";"";"";"0007";"";"";"";"";"";"";"";"";"";"";"";"";"";"";"";"";"";"";"";"";"";"";"";"0";"0.00000";"10";"";"";"";"";"15490";"8.00000";"0";"0.00000";"";"";"";"";"";"";"";"";"";"";"";"";"";"";"";"";"";"-0.8700";"0";"0.00";"0.0000";"0";"0.00";"0.0000";"0";"0.00";"0.000";"0";"0.00";"0.000";"0";"0.00";"";"";"-0.870";"0";"0.00";"I";"";"1";"";"";"0";"0";"3";"2";"3";"2";"1";"1";"1";"3";"2";"2";"";"0";"";"";"";"";"";"";"";"";"";"";"";"";"";"";"";"";"";"";"1";"";"";"";"";"";"";"";"";"";"";"";"";"";"";"";"";"";"";"";"";"";"";"";"";"";"";"";"";"";"";"";"";"";"";""
"87";"TRIPPA E MUSI";"";"";"";"23000035";"";"";"";"";"";"";"";"";"";"20250520";"20250517";"23000035";"";"KG";"";"";"0007";"";"";"";"";"";"";"";"";"";"";"";"";"";"";"";"";"";"";"";"";"";"";"";"7745";"4.00000";"10";"";"";"";"";"8132";"4.20000";"8220";"4.24545";"";"";"";"";"";"";"";"";"";"";"";"";"";"";"";"";"";"62.5400";"514079";"265.51";"5199.8000";"39453443";"20376.00";"5199.8000";"39453443";"20376.00";"5163.400";"43366153";"22396.69";"5163.400";"43366153";"22396.69";"";"";"98.940";"804580";"415.55";"I";"";"1";"";"";"0";"0";"3";"2";"3";"2";"1";"1";"1";"3";"2";"2";"";"0";"";"";"";"";"";"";"";"";"";"";"";"";"";"";"";"";"";"";"1";"";"";"";"";"";"";"";"";"";"";"";"";"";"";"";"";"";"";"";"";"";"";"";"";"";"";"";"";"";"";"";"";"";"";""
"88";"ESTRATTO PEPERONCINO SEMIPPICANTE";"";"";"";"23000036";"";"";"";"";"";"";"";"";"";"20250506";"20250512";"";"";"PZ";"";"";"";"";"";"";"";"";"";"";"";"";"";"";"";"";"";"";"";"";"";"";"";"";"";"";"57120";"29.50000";"10";"";"";"";"";"0";"0.00000";"54561";"28.17848";"";"";"";"";"";"";"";"";"";"";"";"";"";"";"";"";"";"-2.0000";"-109122";"-56.36";"18.0000";"0";"0.00";"18.0000";"0";"0.00";"44.000";"2405906";"1242.53";"44.000";"2405906";"1242.53";"";"";"-28.000";"0";"0.00";"I";"";"1";"";"";"0";"0";"3";"2";"3";"2";"1";"1";"1";"3";"2";"2";"";"0";"";"";"";"";"";"";"";"";"";"";"";"";"";"";"";"";"";"";"1";"";"";"";"";"";"";"";"";"";"";"";"";"";"";"";"";"";"";"";"";"";"";"";"";"";"";"";"";"";"";"";"";"";"";""
"89";"TRANCIO SUINO";"";"";"";"23000037";"";"";"";"";"";"";"";"";"";"20250509";"20250512";"";"";"KG";"";"";"0007";"";"";"";"";"";"";"";"";"";"";"";"";"";"";"";"";"";"";"";"";"";"";"";"14522";"7.50000";"10";"";"";"";"";"0";"0.00000";"17832";"9.20954";"";"";"";"";"";"";"";"";"";"";"";"";"";"";"";"";"";"-0.0080";"-143";"-0.07";"1036.7520";"12996082";"6711.92";"1036.7520";"12996082";"6711.92";"1040.710";"17958352";"9274.75";"1044.270";"18010048";"9301.45";"";"";"-7.526";"0";"0.00";"I";"";"1";"";"";"0";"0";"3";"2";"3";"2";"1";"1";"1";"3";"2";"2";"";"0";"";"";"";"";"";"";"";"";"";"";"";"";"";"";"";"";"";"";"1";"";"";"";"";"";"";"";"";"";"";"";"";"";"";"";"";"";"";"";"";"";"0";"";"";"";"";"";"";"";"";"";"";"";"";""
"93";"MACINATO DI BOVINO";"";"";"";"23000038";"";"";"";"";"";"";"";"";"";"20250218";"20250213";"";"";"KG";"";"";"";"";"";"";"";"";"";"";"";"";"";"";"";"";"";"";"";"";"";"";"";"";"";"";"3873";"2.00000";"10";"";"";"";"";"14522";"7.50000";"0";"0.00000";"";"";"";"";"";"";"";"";"";"";"";"";"";"";"";"";"";"0.0000";"0";"0.00";"3.0000";"0";"0.00";"3.0000";"0";"0.00";"0.000";"0";"0.00";"3.000";"43566";"22.50";"";"";"0.000";"0";"0.00";"I";"";"1";"";"";"0";"0";"3";"2";"3";"2";"1";"1";"1";"3";"2";"2";"";"0";"";"";"";"";"";"";"";"";"";"";"";"";"";"";"";"";"";"";"1";"";"";"";"";"";"";"";"";"";"";"";"";"";"";"";"";"";"";"";"";"";"";"";"";"";"";"";"";"";"";"";"";"";"";""
"94";"SPEZZATINO DI BOVINO";"";"";"";"23000038";"";"";"";"";"";"";"";"";"";"20250218";"20250213";"";"";"KG";"";"";"";"";"";"";"";"";"";"";"";"";"";"";"";"";"";"";"";"";"";"";"";"";"";"";"0";"0.00000";"10";"";"";"";"";"14522";"7.50000";"0";"0.00000";"";"";"";"";"";"";"";"";"";"";"";"";"";"";"";"";"";"0.0000";"0";"0.00";"7.5000";"0";"0.00";"7.5000";"0";"0.00";"0.000";"0";"0.00";"7.500";"108915";"56.25";"";"";"0.000";"0";"0.00";"I";"";"1";"";"";"0";"0";"3";"2";"3";"2";"1";"1";"1";"3";"2";"2";"";"0";"";"";"";"";"";"";"";"";"";"";"";"";"";"";"";"";"";"";"1";"";"";"";"";"";"";"";"";"";"";"";"";"";"";"";"";"";"";"";"";"";"";"";"";"";"";"";"";"";"";"";"";"";"";""
"95";"COSTOLETTE DI SUINO";"";"";"";"23000038";"";"";"";"";"";"";"";"";"";"20231125";"20231117";"";"";"KG";"";"";"";"";"";"";"";"";"";"";"";"";"";"";"";"";"";"";"";"";"";"";"";"";"";"";"0";"0.00000";"10";"";"";"";"";"14522";"7.50000";"0";"0.00000";"";"";"";"";"";"";"";"";"";"";"";"";"";"";"";"";"";"-0.7900";"0";"0.00";"0.0000";"0";"0.00";"0.0000";"0";"0.00";"0.000";"0";"0.00";"0.000";"0";"0.00";"";"";"-0.790";"0";"0.00";"I";"";"1";"";"";"0";"0";"3";"2";"3";"2";"1";"1";"1";"3";"2";"2";"";"0";"";"";"";"";"";"";"";"";"";"";"";"";"";"";"";"";"";"";"1";"";"";"";"";"";"";"";"";"";"";"";"";"";"";"";"";"";"";"";"";"";"";"";"";"";"";"";"";"";"";"";"";"";"";""
"96";"TRACCHIE DI SUINO";"";"";"";"";"";"";"";"";"";"";"";"";"";"20231124";"20231124";"";"";"KG";"";"";"0007";"";"";"";"";"";"";"";"";"";"";"";"";"";"";"";"";"";"";"";"";"";"";"";"0";"0.00000";"10";"";"";"";"";"14522";"7.50000";"0";"0.00000";"";"";"";"";"";"";"";"";"";"";"";"";"";"";"";"";"";"0.0000";"0";"0.00";"0.0000";"0";"0.00";"0.0000";"0";"0.00";"0.000";"0";"0.00";"0.000";"0";"0.00";"";"";"0.000";"0";"0.00";"I";"";"1";"";"";"0";"0";"3";"2";"3";"2";"1";"1";"1";"3";"2";"2";"";"0";"";"";"";"";"";"";"";"";"";"";"";"";"";"";"";"";"";"";"1";"";"";"";"";"";"";"";"";"";"";"";"";"";"";"";"";"";"";"";"";"";"";"";"";"";"";"";"";"";"";"";"";"";"";""
"51";"BOVINO ADULTO TD";"";"";"";"23100002";"";"";"";"";"";"";"";"";"";"20250111";"20250111";"23100002";"";"KG";"";"";"";"ù";"";"";"";"";"";"";"";"";"";"";"";"";"";"";"";"";"";"";"";"";"";"";"12160";"6.28000";"10";"";"";"";"";"12257";"6.33000";"10593";"5.47083";"";"";"";"";"";"";"";"";"";"";"";"";"";"";"";"";"";"-8.9000";"-94278";"-48.69";"47233.0500";"490772661";"253463.22";"47233.0500";"490772661";"253463.22";"47514.550";"503826003";"260205.95";"47855.550";"505300721";"260967.59";"";"";"-631.400";"-7739070";"-3996.76";"I";"";"1";"";"";"0";"0";"3";"2";"3";"2";"1";"1";"1";"3";"2";"2";"";"0";"";"";"";"";"";"";"";"";"";"";"";"";"";"";"";"";"";"";"1";"";"";"";"";"";"";"";"";"";"";"";"";"";"";"";"";"";"";"";"";"";"";"";"";"";"";"";"";"";"";"";"";"";"";""
"32";"SPOLPO SUINO TD";"";"";"";"23100002";"";"";"";"";"";"";"";"";"";"20250412";"20250412";"23100002";"";"KG";"";"";"0007";"";"";"";"";"";"";"";"";"";"";"";"";"";"";"";"";"";"";"";"";"";"";"";"0";"0.00000";"10";"";"";"";"";"5809";"3.00000";"4355";"2.24912";"";"";"";"";"";"";"";"";"";"";"";"";"";"";"";"";"";"60.4600";"263303";"135.98";"1995.7000";"7057890";"3645.06";"1995.7000";"7057890";"3645.06";"1995.240";"14119641";"7292.27";"1996.610";"14123649";"7294.34";"";"";"59.550";"345926";"178.65";"I";"";"1";"";"";"0";"0";"3";"2";"3";"2";"1";"1";"1";"3";"2";"2";"";"0";"";"";"";"";"";"";"";"";"";"";"";"";"";"";"";"";"";"";"1";"";"";"";"";"";"";"";"";"";"";"";"";"";"";"";"";"";"";"";"";"";"";"";"";"";"";"";"";"";"";"";"";"";"";""
"79";"PICHANA BOVINO ADULTO SV";"";"";"";"23000010";"";"";"";"";"";"";"";"";"";"20240913";"20240912";"23000010";"";"KG";"";"";"0007";"";"";"";"";"";"";"";"";"";"";"";"";"";"";"";"";"";"";"";"";"";"";"";"0";"0.00000";"10";"";"";"";"";"24784";"12.80000";"25946";"13.40000";"";"";"";"";"";"";"";"";"";"";"";"";"";"";"";"";"";"0.0000";"0";"0.00";"21.5100";"533105";"275.33";"21.5100";"533105";"275.33";"21.510";"583092";"301.14";"21.510";"583092";"301.14";"";"";"0.000";"0";"0.00";"I";"";"1";"";"";"0";"0";"3";"2";"3";"2";"1";"1";"1";"3";"2";"2";"";"0";"";"";"";"";"";"";"";"";"";"";"";"";"";"";"";"";"";"";"1";"";"";"";"";"";"";"";"";"";"";"";"";"";"";"";"";"";"";"";"";"";"0";"";"";"";"";"";"";"";"";"";"";"";"";""
"125";"SOTTOFESA SCOTTONA SV";"";"";"";"";"";"";"";"";"";"";"";"";"";"";"";"";"";"KG";"";"";"0007";"";"";"";"";"";"";"";"";"";"";"";"";"";"";"";"";"";"";"";"";"";"";"";"";"";"10";"";"";"";"";"";"";"0";"0.00000";"";"";"";"";"";"";"";"";"";"";"";"";"";"";"";"";"";"0.0000";"0";"0.00";"0.0000";"0";"0.00";"0.0000";"0";"0.00";"0.000";"0";"0.00";"0.000";"0";"0.00";"";"";"0.000";"0";"0.00";"I";"";"1";"";"";"0";"0";"3";"2";"3";"2";"1";"1";"1";"3";"2";"2";"";"0";"";"";"";"";"";"";"";"";"";"";"";"";"";"";"";"";"";"";"1";"";"";"";"";"";"";"";"";"";"";"";"";"";"";"";"";"";"";"";"";"";"";"";"";"";"";"";"";"";"";"";"";"";"";""
"126";"FESA SCOTTONA";"";"";"";"";"";"";"";"";"";"";"";"";"";"";"";"";"";"KG";"";"";"0007";"";"";"";"";"";"";"";"";"";"";"";"";"";"";"";"";"";"";"";"";"";"";"";"";"";"10";"";"";"";"";"";"";"0";"0.00000";"";"";"";"";"";"";"";"";"";"";"";"";"";"";"";"";"";"0.0000";"0";"0.00";"0.0000";"0";"0.00";"0.0000";"0";"0.00";"0.000";"0";"0.00";"0.000";"0";"0.00";"";"";"0.000";"0";"0.00";"I";"";"1";"";"";"0";"0";"3";"2";"3";"2";"1";"1";"1";"3";"2";"2";"";"0";"";"";"";"";"";"";"";"";"";"";"";"";"";"";"";"";"";"";"1";"";"";"";"";"";"";"";"";"";"";"";"";"";"";"";"";"";"";"";"";"";"";"";"";"";"";"";"";"";"";"";"";"";"";""
"127";"SCAMONE SCOTTONA";"";"";"";"";"";"";"";"";"";"";"";"";"";"";"";"";"";"KG";"";"";"0007";"";"";"";"";"";"";"";"";"";"";"";"";"";"";"";"";"";"";"";"";"";"";"";"";"";"10";"";"";"";"";"";"";"0";"0.00000";"";"";"";"";"";"";"";"";"";"";"";"";"";"";"";"";"";"0.0000";"0";"0.00";"0.0000";"0";"0.00";"0.0000";"0";"0.00";"0.000";"0";"0.00";"0.000";"0";"0.00";"";"";"0.000";"0";"0.00";"I";"";"1";"";"";"0";"0";"3";"2";"3";"2";"1";"1";"1";"3";"2";"2";"";"0";"";"";"";"";"";"";"";"";"";"";"";"";"";"";"";"";"";"";"1";"";"";"";"";"";"";"";"";"";"";"";"";"";"";"";"";"";"";"";"";"";"";"";"";"";"";"";"";"";"";"";"";"";"";""
"128";"NOCE SCOTTONA SV";"";"";"";"";"";"";"";"";"";"";"";"";"";"";"";"";"";"KG";"";"";"0007";"";"";"";"";"";"";"";"";"";"";"";"";"";"";"";"";"";"";"";"";"";"";"";"";"";"10";"";"";"";"";"";"";"0";"0.00000";"";"";"";"";"";"";"";"";"";"";"";"";"";"";"";"";"";"0.0000";"0";"0.00";"0.0000";"0";"0.00";"0.0000";"0";"0.00";"0.000";"0";"0.00";"0.000";"0";"0.00";"";"";"0.000";"0";"0.00";"I";"";"1";"";"";"0";"0";"3";"2";"3";"2";"1";"1";"1";"3";"2";"2";"";"0";"";"";"";"";"";"";"";"";"";"";"";"";"";"";"";"";"";"";"1";"";"";"";"";"";"";"";"";"";"";"";"";"";"";"";"";"";"";"";"";"";"";"";"";"";"";"";"";"";"";"";"";"";"";""
"129";"REALE SCOTTONA SV";"";"";"";"";"";"";"";"";"";"";"";"";"";"";"";"";"";"KG";"";"";"0007";"";"";"";"";"";"";"";"";"";"";"";"";"";"";"";"";"";"";"";"";"";"";"";"";"";"10";"";"";"";"";"";"";"0";"0.00000";"";"";"";"";"";"";"";"";"";"";"";"";"";"";"";"";"";"0.0000";"0";"0.00";"0.0000";"0";"0.00";"0.0000";"0";"0.00";"0.000";"0";"0.00";"0.000";"0";"0.00";"";"";"0.000";"0";"0.00";"I";"";"1";"";"";"0";"0";"3";"2";"3";"2";"1";"1";"1";"3";"2";"2";"";"0";"";"";"";"";"";"";"";"";"";"";"";"";"";"";"";"";"";"";"1";"";"";"";"";"";"";"";"";"";"";"";"";"";"";"";"";"";"";"";"";"";"";"";"";"";"";"";"";"";"";"";"";"";"";""
"130";"SPALLA SCOTTONA SV";"";"";"";"";"";"";"";"";"";"";"";"";"";"";"";"";"";"KG";"";"";"0007";"";"";"";"";"";"";"";"";"";"";"";"";"";"";"";"";"";"";"";"";"";"";"";"";"";"10";"";"";"";"";"";"";"0";"0.00000";"";"";"";"";"";"";"";"";"";"";"";"";"";"";"";"";"";"0.0000";"0";"0.00";"0.0000";"0";"0.00";"0.0000";"0";"0.00";"0.000";"0";"0.00";"0.000";"0";"0.00";"";"";"0.000";"0";"0.00";"I";"";"1";"";"";"0";"0";"3";"2";"3";"2";"1";"1";"1";"3";"2";"2";"";"0";"";"";"";"";"";"";"";"";"";"";"";"";"";"";"";"";"";"";"1";"";"";"";"";"";"";"";"";"";"";"";"";"";"";"";"";"";"";"";"";"";"";"";"";"";"";"";"";"";"";"";"";"";"";""
"131";"MUSCOLO SCOTTONA SV";"";"";"";"";"";"";"";"";"";"";"";"";"";"";"";"";"";"KG";"";"";"0007";"";"";"";"";"";"";"";"";"";"";"";"";"";"";"";"";"";"";"";"";"";"";"";"";"";"10";"";"";"";"";"";"";"0";"0.00000";"";"";"";"";"";"";"";"";"";"";"";"";"";"";"";"";"";"0.0000";"0";"0.00";"0.0000";"0";"0.00";"0.0000";"0";"0.00";"0.000";"0";"0.00";"0.000";"0";"0.00";"";"";"0.000";"0";"0.00";"I";"";"1";"";"";"0";"0";"3";"2";"3";"2";"1";"1";"1";"3";"2";"2";"";"0";"";"";"";"";"";"";"";"";"";"";"";"";"";"";"";"";"";"";"1";"";"";"";"";"";"";"";"";"";"";"";"";"";"";"";"";"";"";"";"";"";"";"";"";"";"";"";"";"";"";"";"";"";"";""
"132";"LOMBATA SCOTTONA";"";"";"";"";"";"";"";"";"";"";"";"";"";"";"";"";"";"KG";"";"";"0007";"";"";"";"";"";"";"";"";"";"";"";"";"";"";"";"";"";"";"";"";"";"";"";"";"";"10";"";"";"";"";"";"";"0";"0.00000";"";"";"";"";"";"";"";"";"";"";"";"";"";"";"";"";"";"0.0000";"0";"0.00";"0.0000";"0";"0.00";"0.0000";"0";"0.00";"0.000";"0";"0.00";"0.000";"0";"0.00";"";"";"0.000";"0";"0.00";"I";"";"1";"";"";"0";"0";"3";"2";"3";"2";"1";"1";"1";"3";"2";"2";"";"0";"";"";"";"";"";"";"";"";"";"";"";"";"";"";"";"";"";"";"1";"";"";"";"";"";"";"";"";"";"";"";"";"";"";"";"";"";"";"";"";"";"";"";"";"";"";"";"";"";"";"";"";"";"";""
"38";"MIDLESS SUINO TD";"";"";"";"";"";"";"";"";"";"";"";"";"";"20250522";"20250515";"";"";"KG";"";"";"0007";"";"";"";"";"";"";"";"";"";"";"";"";"";"";"";"";"";"";"";"";"";"";"";"4724";"2.44000";"10";"";"";"";"";"4337";"2.24000";"5941";"3.06849";"";"";"";"";"";"";"";"";"";"";"";"";"";"";"";"";"";"98.0000";"582218";"300.71";"17835.0000";"41173380";"21264.48";"17835.0000";"41173380";"21264.48";"17686.590";"100440926";"51872.56";"17693.390";"100473053";"51889.15";"";"";"239.610";"1039189";"536.73";"I";"";"1";"";"";"0";"0";"3";"2";"3";"2";"1";"1";"1";"3";"2";"2";"";"0";"";"";"";"";"";"";"";"";"";"";"";"";"";"";"";"";"";"";"1";"";"";"";"";"";"";"";"";"";"";"";"";"";"";"";"";"";"";"";"";"";"";"";"";"";"";"";"";"";"";"";"";"";"";""
"39";"SPALLE SUINO TD C.O";"";"";"";"";"";"";"";"";"";"";"";"";"";"20250522";"20250515";"";"";"KG";"";"";"0007";"";"";"";"";"";"";"";"";"";"";"";"";"";"";"";"";"";"";"";"";"";"";"";"4724";"2.44000";"10";"";"";"";"";"4337";"2.24000";"5480";"2.83018";"";"";"";"";"";"";"";"";"";"";"";"";"";"";"";"";"";"0.0000";"0";"0.00";"14361.4000";"33634666";"17371.06";"14361.4000";"33634666";"17371.06";"14211.200";"73834981";"38131.50";"14211.200";"73834981";"38131.50";"";"";"150.200";"651417";"336.45";"I";"";"1";"";"";"0";"0";"3";"2";"3";"2";"1";"1";"1";"3";"2";"2";"";"0";"";"";"";"";"";"";"";"";"";"";"";"";"";"";"";"";"";"";"1";"";"";"";"";"";"";"";"";"";"";"";"";"";"";"";"";"";"";"";"";"";"";"";"";"";"";"";"";"";"";"";"";"";"";""
"28";"LINGUE BOVINO";"";"";"";"23000002";"INDUSTRIA CARNI GARGIULO SRL";"";"";"";"";"";"";"";"";"20250521";"20250520";"23000002";"";"KG";"";"";"0007";"";"";"";"";"";"";"";"";"";"";"";"";"";"";"";"";"";"";"";"";"";"";"";"0";"0.00000";"10";"";"";"";"";"11618";"6.00000";"12336";"6.37074";"";"";"";"";"";"";"";"";"";"";"";"";"";"";"";"";"";"170.1500";"2098970";"1083.98";"759.4000";"8822432";"4556.40";"759.4000";"8822432";"4556.40";"725.200";"9329136";"4818.20";"755.600";"9682312";"5000.60";"";"";"173.950";"2020951";"1043.70";"I";"";"1";"";"";"0";"0";"3";"2";"3";"2";"1";"1";"1";"3";"2";"2";"";"0";"";"";"";"";"";"";"";"";"";"";"";"";"";"";"";"";"";"";"1";"";"";"";"";"";"";"";"";"";"";"";"";"";"";"";"";"";"";"";"";"";"";"";"";"";"";"";"";"";"";"";"";"";"";""
"34";"PROSCIUTTO SUINO S/O SV";"";"";"";"";"";"";"";"";"";"";"";"";"";"";"";"";"";"KG";"";"";"0007";"";"";"";"";"";"";"";"";"";"";"";"";"";"";"";"";"";"";"";"";"";"";"";"";"";"10";"";"";"";"";"";"";"0";"0.00000";"";"";"";"";"";"";"";"";"";"";"";"";"";"";"";"";"";"0.0000";"0";"0.00";"0.0000";"0";"0.00";"0.0000";"0";"0.00";"0.000";"0";"0.00";"0.000";"0";"0.00";"";"";"0.000";"0";"0.00";"I";"";"1";"";"";"0";"0";"3";"2";"3";"2";"1";"1";"1";"3";"2";"2";"";"0";"";"";"";"";"";"";"";"";"";"";"";"";"";"";"";"";"";"";"1";"";"";"";"";"";"";"";"";"";"";"";"";"";"";"";"";"";"";"";"";"";"";"";"";"";"";"";"";"";"";"";"";"";"";""
"46";"ANTERIORE BOVINO TD";"";"";"";"";"";"";"";"";"";"";"";"";"";"";"";"";"";"KG";"";"";"0007";"";"";"";"";"";"";"";"";"";"";"";"";"";"";"";"";"";"";"";"";"";"";"";"";"";"10";"";"";"";"";"";"";"0";"0.00000";"";"";"";"";"";"";"";"";"";"";"";"";"";"";"";"";"";"0.0000";"0";"0.00";"0.0000";"0";"0.00";"0.0000";"0";"0.00";"0.000";"0";"0.00";"0.000";"0";"0.00";"";"";"0.000";"0";"0.00";"I";"";"1";"";"";"0";"0";"3";"2";"3";"2";"1";"1";"1";"3";"2";"2";"";"0";"";"";"";"";"";"";"";"";"";"";"";"";"";"";"";"";"";"";"1";"";"";"";"";"";"";"";"";"";"";"";"";"";"";"";"";"";"";"";"";"";"";"";"";"";"";"";"";"";"";"";"";"";"";""
"47";"POSTERIORE BOVINO TD";"";"";"";"";"";"";"";"";"";"";"";"";"";"";"";"";"";"KG";"";"";"0007";"";"";"";"";"";"";"";"";"";"";"";"";"";"";"";"";"";"";"";"";"";"";"";"";"";"10";"";"";"";"";"";"";"0";"0.00000";"";"";"";"";"";"";"";"";"";"";"";"";"";"";"";"";"";"0.0000";"0";"0.00";"0.0000";"0";"0.00";"0.0000";"0";"0.00";"0.000";"0";"0.00";"0.000";"0";"0.00";"";"";"0.000";"0";"0.00";"I";"";"1";"";"";"0";"0";"3";"2";"3";"2";"1";"1";"1";"3";"2";"2";"";"0";"";"";"";"";"";"";"";"";"";"";"";"";"";"";"";"";"";"";"1";"";"";"";"";"";"";"";"";"";"";"";"";"";"";"";"";"";"";"";"";"";"";"";"";"";"";"";"";"";"";"";"";"";"";""
"48";"SPALLOTTO BOVINO TD";"";"";"";"";"";"";"";"";"";"";"";"";"";"";"";"";"";"KG";"";"";"0007";"";"";"";"";"";"";"";"";"";"";"";"";"";"";"";"";"";"";"";"";"";"";"";"";"";"10";"";"";"";"";"";"";"0";"0.00000";"";"";"";"";"";"";"";"";"";"";"";"";"";"";"";"";"";"0.0000";"0";"0.00";"0.0000";"0";"0.00";"0.0000";"0";"0.00";"0.000";"0";"0.00";"0.000";"0";"0.00";"";"";"0.000";"0";"0.00";"I";"";"1";"";"";"0";"0";"3";"2";"3";"2";"1";"1";"1";"3";"2";"2";"";"0";"";"";"";"";"";"";"";"";"";"";"";"";"";"";"";"";"";"";"1";"";"";"";"";"";"";"";"";"";"";"";"";"";"";"";"";"";"";"";"";"";"";"";"";"";"";"";"";"";"";"";"";"";"";""
"49";"LOMBATA BOVINO TD";"";"";"";"";"";"";"";"";"";"";"";"";"";"";"";"";"";"KG";"";"";"0007";"";"";"";"";"";"";"";"";"";"";"";"";"";"";"";"";"";"";"";"";"";"";"";"";"";"10";"";"";"";"";"";"";"0";"0.00000";"";"";"";"";"";"";"";"";"";"";"";"";"";"";"";"";"";"0.0000";"0";"0.00";"0.0000";"0";"0.00";"0.0000";"0";"0.00";"0.000";"0";"0.00";"0.000";"0";"0.00";"";"";"0.000";"0";"0.00";"I";"";"1";"";"";"0";"0";"3";"2";"3";"2";"1";"1";"1";"3";"2";"2";"";"0";"";"";"";"";"";"";"";"";"";"";"";"";"";"";"";"";"";"";"1";"";"";"";"";"";"";"";"";"";"";"";"";"";"";"";"";"";"";"";"";"";"";"";"";"";"";"";"";"";"";"";"";"";"";""
"15BIS";"LONZE SUINO";"";"";"";"23100008";"HELWIG-FLEISCH";"";"";"";"";"";"";"";"";"20250522";"20250522";"23100008";"";"KG";"";"";"0007";"";"";"";"";"";"";"";"";"";"";"";"";"";"";"";"";"";"";"";"";"";"";"";"7939";"4.10000";"10";"";"";"";"";"7745";"4.00000";"8969";"4.63234";"";"";"";"";"";"";"";"";"";"";"";"";"";"";"";"";"";"737.6300";"6615803";"3416.95";"83408.0300";"644766839";"332994.84";"83408.0300";"644766839";"332994.84";"82276.700";"701279991";"362182.58";"82465.370";"702691228";"362911.48";"";"";"1680.290";"13013846";"6721.16";"I";"";"1";"";"";"0";"0";"3";"2";"3";"2";"1";"1";"1";"3";"2";"2";"";"0";"";"";"";"";"";"";"";"";"";"";"";"";"";"";"";"";"";"";"1";"";"";"";"";"";"";"";"";"";"";"";"";"";"";"";"";"";"";"";"";"";"";"";"";"";"";"";"";"";"";"";"";"";"";""
"55";"LINGUA SUINO";"";"";"";"";"";"";"";"";"";"";"";"";"";"";"";"";"";"KG";"";"";"0007";"";"";"";"";"";"";"";"";"";"";"";"";"";"";"";"";"";"";"";"";"";"";"";"";"";"10";"";"";"";"";"";"";"0";"0.00000";"";"";"";"";"";"";"";"";"";"";"";"";"";"";"";"";"";"0.0000";"0";"0.00";"0.0000";"0";"0.00";"0.0000";"0";"0.00";"0.000";"0";"0.00";"0.000";"0";"0.00";"";"";"0.000";"0";"0.00";"I";"";"1";"";"";"0";"0";"3";"2";"3";"2";"1";"1";"1";"3";"2";"2";"";"0";"";"";"";"";"";"";"";"";"";"";"";"";"";"";"";"";"";"";"1";"";"";"";"";"";"";"";"";"";"";"";"";"";"";"";"";"";"";"";"";"";"";"";"";"";"";"";"";"";"";"";"";"";"";""
"56";"RETE SUINO";"";"";"";"";"";"";"";"";"";"";"";"";"";"";"";"";"";"KG";"";"";"0007";"";"";"";"";"";"";"";"";"";"";"";"";"";"";"";"";"";"";"";"";"";"";"";"";"";"10";"";"";"";"";"";"";"0";"0.00000";"";"";"";"";"";"";"";"";"";"";"";"";"";"";"";"";"";"0.0000";"0";"0.00";"0.0000";"0";"0.00";"0.0000";"0";"0.00";"0.000";"0";"0.00";"0.000";"0";"0.00";"";"";"0.000";"0";"0.00";"I";"";"1";"";"";"0";"0";"3";"2";"3";"2";"1";"1";"1";"3";"2";"2";"";"0";"";"";"";"";"";"";"";"";"";"";"";"";"";"";"";"";"";"";"1";"";"";"";"";"";"";"";"";"";"";"";"";"";"";"";"";"";"";"";"";"";"";"";"";"";"";"";"";"";"";"";"";"";"";""
"57";"COTENNA SUINO";"";"";"";"";"";"";"";"";"";"";"";"";"";"";"";"";"";"KG";"";"";"0007";"";"";"";"";"";"";"";"";"";"";"";"";"";"";"";"";"";"";"";"";"";"";"";"";"";"10";"";"";"";"";"";"";"0";"0.00000";"";"";"";"";"";"";"";"";"";"";"";"";"";"";"";"";"";"0.0000";"0";"0.00";"0.0000";"0";"0.00";"0.0000";"0";"0.00";"0.000";"0";"0.00";"0.000";"0";"0.00";"";"";"0.000";"0";"0.00";"I";"";"1";"";"";"0";"0";"3";"2";"3";"2";"1";"1";"1";"3";"2";"2";"";"0";"";"";"";"";"";"";"";"";"";"";"";"";"";"";"";"";"";"";"1";"";"";"";"";"";"";"";"";"";"";"";"";"";"";"";"";"";"";"";"";"";"";"";"";"";"";"";"";"";"";"";"";"";"";""
"58";"ZAMPE SUINO";"";"";"";"";"";"";"";"";"";"";"";"";"";"";"";"";"";"KG";"";"";"0007";"";"";"";"";"";"";"";"";"";"";"";"";"";"";"";"";"";"";"";"";"";"";"";"";"";"10";"";"";"";"";"";"";"0";"0.00000";"";"";"";"";"";"";"";"";"";"";"";"";"";"";"";"";"";"0.0000";"0";"0.00";"0.0000";"0";"0.00";"0.0000";"0";"0.00";"0.000";"0";"0.00";"0.000";"0";"0.00";"";"";"0.000";"0";"0.00";"I";"";"1";"";"";"0";"0";"3";"2";"3";"2";"1";"1";"1";"3";"2";"2";"";"0";"";"";"";"";"";"";"";"";"";"";"";"";"";"";"";"";"";"";"1";"";"";"";"";"";"";"";"";"";"";"";"";"";"";"";"";"";"";"";"";"";"";"";"";"";"";"";"";"";"";"";"";"";"";""
"59";"STINCO DI PROSCIUTTO";"";"";"";"";"";"";"";"";"";"";"";"";"";"";"";"";"";"KG";"";"";"0007";"";"";"";"";"";"";"";"";"";"";"";"";"";"";"";"";"";"";"";"";"";"";"";"";"";"10";"";"";"";"";"";"";"0";"0.00000";"";"";"";"";"";"";"";"";"";"";"";"";"";"";"";"";"";"0.0000";"0";"0.00";"0.0000";"0";"0.00";"0.0000";"0";"0.00";"0.000";"0";"0.00";"0.000";"0";"0.00";"";"";"0.000";"0";"0.00";"I";"";"1";"";"";"0";"0";"3";"2";"3";"2";"1";"1";"1";"3";"2";"2";"";"0";"";"";"";"";"";"";"";"";"";"";"";"";"";"";"";"";"";"";"1";"";"";"";"";"";"";"";"";"";"";"";"";"";"";"";"";"";"";"";"";"";"";"";"";"";"";"";"";"";"";"";"";"";"";""
"153";"SCOTTONA CON PANCIA TD";"";"";"";"23100002";"ULMER FLEISCH GMBH";"";"";"";"";"";"";"";"";"20250522";"20250522";"23100002";"";"KG";"";"";"0007";"";"";"";"";"";"";"";"";"";"";"";"";"";"";"";"";"";"";"";"";"";"";"";"12295";"6.35000";"10";"";"";"";"";"12392";"6.40000";"11676";"6.03030";"";"";"";"";"";"";"";"";"";"";"";"";"";"";"";"";"";"2592.8000";"30273533";"15635.36";"64899.3000";"741163531";"382779.29";"64899.3000";"741163531";"382779.29";"62553.900";"774526778";"400010.19";"63031.600";"780277604";"402980.30";"";"";"4460.500";"55274516";"28547.20";"I";"";"1";"";"";"0";"0";"3";"2";"3";"2";"1";"1";"1";"3";"2";"2";"";"0";"";"";"";"";"";"";"";"";"";"";"";"";"";"";"";"";"";"";"1";"";"";"";"";"";"";"";"";"";"";"";"";"";"";"";"";"";"";"";"";"";"";"";"";"";"";"";"";"";"";"";"";"";"";""
"155";"SCOTTONA SPANCETTATA ESP";"";"";"";"23000039";"BERT BEEF";"";"";"";"";"";"";"";"";"20250519";"20250512";"23100015";"";"KG";"";"";"0007";"";"";"";"";"";"";"";"";"";"";"";"";"";"";"";"";"";"";"";"";"";"";"";"14425";"7.45000";"10";"";"";"";"";"14716";"7.60000";"13106";"6.76889";"";"";"";"";"";"";"";"";"";"";"";"";"";"";"";"";"";"-5.5000";"-72083";"-37.23";"6206.3900";"86498115";"44672.77";"6206.3900";"86498115";"44672.77";"6150.390";"89819091";"46387.50";"6211.890";"90532563";"46755.99";"";"";"-11.000";"-161876";"-83.60";"I";"";"1";"";"";"0";"0";"3";"2";"3";"2";"1";"1";"1";"3";"2";"2";"";"0";"";"";"";"";"";"";"";"";"";"";"";"";"";"";"";"";"";"";"1";"";"";"";"";"";"";"";"";"";"";"";"";"";"";"";"";"";"";"";"";"";"";"";"";"";"";"";"";"";"";"";"";"";"";""
"160";"SCOTTONA BOV. C/P PL";"";"";"";"23000042";"PISCIOTTA S.R.L";"";"";"";"";"";"";"";"";"20250522";"20250520";"23000042";"";"KG";"";"";"0007";"";"";"";"";"";"";"";"";"";"";"";"";"";"";"";"";"";"";"";"";"";"";"";"14716";"7.60000";"10";"";"";"";"";"12489";"6.45000";"11809";"6.09862";"";"";"";"";"";"";"";"";"";"";"";"";"";"";"";"";"";"107.9600";"1274900";"658.41";"74259.1700";"934828896";"482794.54";"74259.1700";"934828896";"482794.54";"73449.700";"916924534";"473550.01";"73849.136";"921915978";"476127.89";"";"";"517.994";"6469227";"3341.06";"I";"";"1";"";"";"0";"0";"3";"2";"3";"2";"1";"1";"1";"3";"2";"2";"";"0";"";"";"";"";"";"";"";"";"";"";"";"";"";"";"";"";"";"";"1";"";"";"";"";"";"";"";"";"";"";"";"";"";"";"";"";"";"";"";"";"";"0";"";"";"";"";"";"";"";"";"";"";"";"";""
"161";"ANTERIORE SCOTTONA PL";"";"";"";"";"";"";"";"";"";"";"";"";"";"";"";"";"";"KG";"";"";"0007";"";"";"";"";"";"";"";"";"";"";"";"";"";"";"";"";"";"";"";"";"";"";"";"";"";"10";"";"";"";"";"";"";"";"";"";"";"";"";"";"";"";"";"";"";"";"";"";"";"";"";"";"";"";"";"";"";"";"";"";"";"";"";"";"";"";"";"";"";"";"";"";"I";"";"1";"";"";"0";"0";"3";"2";"3";"2";"1";"1";"1";"3";"2";"2";"";"0";"";"";"";"";"";"";"";"";"";"";"";"";"";"";"";"";"";"";"1";"";"";"";"";"";"";"";"";"";"";"";"";"";"";"";"";"";"";"";"";"";"";"";"";"";"";"";"";"";"";"";"";"";"";""
"162";"POSTERIORE SCOTTONA C.P PL";"";"";"";"";"";"";"";"";"";"";"";"";"";"";"";"";"";"KG";"";"";"0007";"";"";"";"";"";"";"";"";"";"";"";"";"";"";"";"";"";"";"";"";"";"";"";"";"";"10";"";"";"";"";"";"";"";"";"";"";"";"";"";"";"";"";"";"";"";"";"";"";"";"";"";"";"";"";"";"";"";"";"";"";"";"";"";"";"";"";"";"";"";"";"";"I";"";"1";"";"";"0";"0";"3";"2";"3";"2";"1";"1";"1";"3";"2";"2";"";"0";"";"";"";"";"";"";"";"";"";"";"";"";"";"";"";"";"";"";"1";"";"";"";"";"";"";"";"";"";"";"";"";"";"";"";"";"";"";"";"";"";"";"";"";"";"";"";"";"";"";"";"";"";"";""
"163";"SCOTTONA SPANCETTATA PL";"";"";"";"23100014";"INALCA POLAND SP.ZO.O";"";"";"";"";"";"";"";"";"20250522";"20250520";"23000042";"";"KG";"";"";"0007";"";"";"";"";"";"";"";"";"";"";"";"";"";"";"";"";"";"";"";"";"";"";"";"12973";"6.70000";"10";"";"";"";"";"13263";"6.85000";"";"";"";"";"";"";"";"";"";"";"";"";"";"";"";"";"";"";"";"";"";"";"25271.2100";"327419740";"169099.22";"25271.2100";"327419740";"169099.22";"24830.770";"325382340";"168046.65";"24949.810";"326921304";"168841.46";"";"";"321.400";"4262728";"2201.59";"I";"";"1";"";"";"0";"0";"3";"2";"3";"2";"1";"1";"1";"3";"2";"2";"";"0";"";"";"";"";"";"";"";"";"";"";"";"";"";"";"";"";"";"";"1";"";"";"";"";"";"";"";"";"";"";"";"";"";"";"";"";"";"";"";"";"";"0";"";"";"";"";"";"";"";"";"";"";"";"";""
"164";"SPALLOTTO SCOTTONA PL";"";"";"";"23100014";"INALCA POLAND SP.ZO.O";"";"";"";"";"";"";"";"";"20250522";"20250520";"23000042";"";"KG";"";"";"0007";"";"";"";"";"";"";"";"";"";"";"";"";"";"";"";"";"";"";"";"";"";"";"";"12779";"6.60000";"10";"";"";"";"";"10649";"5.50000";"";"";"";"";"";"";"";"";"";"";"";"";"";"";"";"";"";"";"";"";"";"";"10713.6600";"113691945";"58717.33";"10713.6600";"113691945";"58717.33";"10563.820";"122900744";"63473.39";"10655.360";"123875597";"63976.97";"";"";"58.300";"620837";"320.65";"I";"";"1";"";"";"0";"0";"3";"2";"3";"2";"1";"1";"1";"3";"2";"2";"";"0";"";"";"";"";"";"";"";"";"";"";"";"";"";"";"";"";"";"";"1";"";"";"";"";"";"";"";"";"";"";"";"";"";"";"";"";"";"";"";"";"";"";"";"";"";"";"";"";"";"";"";"";"";"";""
"165";"LOMBATA SCOTTONA PL";"";"";"";"";"";"";"";"";"";"";"";"";"";"";"";"";"";"KG";"";"";"0007";"";"";"";"";"";"";"";"";"";"";"";"";"";"";"";"";"";"";"";"";"";"";"";"";"";"10";"";"";"";"";"";"";"";"";"";"";"";"";"";"";"";"";"";"";"";"";"";"";"";"";"";"";"";"";"";"";"";"";"";"";"";"";"";"";"";"";"";"";"";"";"";"I";"";"1";"";"";"0";"0";"3";"2";"3";"2";"1";"1";"1";"3";"2";"2";"";"0";"";"";"";"";"";"";"";"";"";"";"";"";"";"";"";"";"";"";"1";"";"";"";"";"";"";"";"";"";"";"";"";"";"";"";"";"";"";"";"";"";"";"";"";"";"";"";"";"";"";"";"";"";"";""
"166";"BOVINO PL";"";"";"";"23100014";"INALCA POLAND SP.ZO.O";"";"";"";"";"";"";"";"";"20250512";"20250510";"23100014";"";"KG";"";"";"0007";"";"";"";"";"";"";"";"";"";"";"";"";"";"";"";"";"";"";"";"";"";"";"";"0";"0.00000";"10";"";"";"";"";"12392";"6.40000";"";"";"";"";"";"";"";"";"";"";"";"";"";"";"";"";"";"";"";"";"";"";"458.8500";"5686069";"2936.64";"458.8500";"5686069";"2936.64";"457.650";"5308906";"2741.85";"457.650";"5308906";"2741.85";"";"";"1.200";"14870";"7.68";"I";"";"1";"";"";"0";"0";"3";"2";"3";"2";"1";"1";"1";"3";"2";"2";"";"0";"";"";"";"";"";"";"";"";"";"";"";"";"";"";"";"";"";"";"1";"";"";"";"";"";"";"";"";"";"";"";"";"";"";"";"";"";"";"";"";"";"";"";"";"";"";"";"";"";"";"";"";"";"";""
"167";"ANTERIORE BOVINO PL";"";"";"";"";"";"";"";"";"";"";"";"";"";"";"";"";"";"KG";"";"";"0007";"";"";"";"";"";"";"";"";"";"";"";"";"";"";"";"";"";"";"";"";"";"";"";"";"";"10";"";"";"";"";"";"";"";"";"";"";"";"";"";"";"";"";"";"";"";"";"";"";"";"";"";"";"";"";"";"";"";"";"";"";"";"";"";"";"";"";"";"";"";"";"";"I";"";"1";"";"";"0";"0";"3";"2";"3";"2";"1";"1";"1";"3";"2";"2";"";"0";"";"";"";"";"";"";"";"";"";"";"";"";"";"";"";"";"";"";"1";"";"";"";"";"";"";"";"";"";"";"";"";"";"";"";"";"";"";"";"";"";"";"";"";"";"";"";"";"";"";"";"";"";"";""
"168";"POSTERIORE BOVINO PL";"";"";"";"";"";"";"";"";"";"";"";"";"";"";"";"";"";"KG";"";"";"0007";"";"";"";"";"";"";"";"";"";"";"";"";"";"";"";"";"";"";"";"";"";"";"";"";"";"10";"";"";"";"";"";"";"";"";"";"";"";"";"";"";"";"";"";"";"";"";"";"";"";"";"";"";"";"";"";"";"";"";"";"";"";"";"";"";"";"";"";"";"";"";"";"I";"";"1";"";"";"0";"0";"3";"2";"3";"2";"1";"1";"1";"3";"2";"2";"";"0";"";"";"";"";"";"";"";"";"";"";"";"";"";"";"";"";"";"";"1";"";"";"";"";"";"";"";"";"";"";"";"";"";"";"";"";"";"";"";"";"";"";"";"";"";"";"";"";"";"";"";"";"";"";""
"169";"SPALLOTTO BOVINO PL";"";"";"";"";"";"";"";"";"";"";"";"";"";"";"";"";"";"KG";"";"";"0007";"";"";"";"";"";"";"";"";"";"";"";"";"";"";"";"";"";"";"";"";"";"";"";"";"";"10";"";"";"";"";"";"";"";"";"";"";"";"";"";"";"";"";"";"";"";"";"";"";"";"";"";"";"";"";"";"";"";"";"";"";"";"";"";"";"";"";"";"";"";"";"";"I";"";"1";"";"";"0";"0";"3";"2";"3";"2";"1";"1";"1";"3";"2";"2";"";"0";"";"";"";"";"";"";"";"";"";"";"";"";"";"";"";"";"";"";"1";"";"";"";"";"";"";"";"";"";"";"";"";"";"";"";"";"";"";"";"";"";"";"";"";"";"";"";"";"";"";"";"";"";"";""
"170";"NOCE VITELLINA";"";"";"";"23000002";"INDUSTRIA CARNI GARGIULO SRL";"";"";"";"";"";"";"";"";"20250520";"20250520";"23000002";"";"KG";"";"";"0007";"";"";"";"";"";"";"";"";"";"";"";"";"";"";"";"";"";"";"";"";"";"";"";"0";"0.00000";"10";"";"";"";"";"26140";"13.50000";"";"";"";"";"";"";"";"";"";"";"";"";"";"";"";"";"";"";"";"";"";"";"56.3800";"1473764";"761.13";"56.3800";"1473764";"761.13";"35.290";"963466";"497.59";"35.290";"963466";"497.59";"";"";"21.090";"551293";"284.72";"I";"";"1";"";"";"0";"0";"3";"2";"3";"2";"1";"1";"1";"3";"2";"2";"";"0";"";"";"";"";"";"";"";"";"";"";"";"";"";"";"";"";"";"";"1";"";"";"";"";"";"";"";"";"";"";"";"";"";"";"";"";"";"";"";"";"";"";"";"";"";"";"";"";"";"";"";"";"";"";""
"601BN";"BOVINO NAZ";"";"";"";"";"";"";"";"";"";"";"";"";"";"";"";"";"";"KG";"";"";"0007";"";"";"";"";"";"";"";"";"";"";"";"";"";"";"";"";"";"";"";"";"";"";"";"";"";"10";"";"";"";"";"";"";"";"";"";"";"";"";"";"";"";"";"";"";"";"";"";"";"";"";"";"";"";"";"";"";"";"";"";"";"";"";"";"";"";"";"";"";"";"";"";"I";"";"1";"";"";"0";"0";"3";"2";"3";"2";"1";"1";"1";"3";"2";"2";"";"0";"";"";"";"";"";"";"";"";"";"";"";"";"";"";"";"";"";"";"1";"";"";"";"";"";"";"";"";"";"";"";"";"";"";"";"";"";"";"";"";"";"";"";"";"";"";"";"";"";"";"";"";"";"";""
"171";"GIRELLI VITELLINA";"";"";"";"";"";"";"";"";"";"";"";"";"";"";"";"";"";"KG";"";"";"0007";"";"";"";"";"";"";"";"";"";"";"";"";"";"";"";"";"";"";"";"";"";"";"";"";"";"10";"";"";"";"";"";"";"";"";"";"";"";"";"";"";"";"";"";"";"";"";"";"";"";"";"";"";"";"";"";"";"";"";"";"";"";"";"";"";"";"";"";"";"";"";"";"I";"";"1";"";"";"0";"0";"3";"2";"3";"2";"1";"1";"1";"3";"2";"2";"";"0";"";"";"";"";"";"";"";"";"";"";"";"";"";"";"";"";"";"";"1";"";"";"";"";"";"";"";"";"";"";"";"";"";"";"";"";"";"";"";"";"";"0";"";"";"";"";"";"";"";"";"";"";"";"";""
"156";"SPALLOTTI SCOTTONA ESP";"";"";"";"23100015";"ELABORADOS CARNICOS MEDINA";"";"";"";"";"";"";"";"";"20250515";"20250512";"23100015";"";"KG";"";"";"0007";"";"";"";"";"";"";"";"";"";"";"";"";"";"";"";"";"";"";"";"";"";"";"";"11327";"5.85000";"10";"";"";"";"";"11230";"5.80000";"";"";"";"";"";"";"";"";"";"";"";"";"";"";"";"";"";"";"";"";"";"";"12005.9900";"136280325";"70383.43";"12005.9900";"136280325";"70383.43";"11637.070";"143786210";"74258.73";"11723.690";"144767537";"74765.54";"";"";"282.300";"3170229";"1637.34";"I";"";"1";"";"";"0";"0";"3";"2";"3";"2";"1";"1";"1";"3";"2";"2";"";"0";"";"";"";"";"";"";"";"";"";"";"";"";"";"";"";"";"";"";"1";"";"";"";"";"";"";"";"";"";"";"";"";"";"";"";"";"";"";"";"";"";"";"";"";"";"";"";"";"";"";"";"";"";"";""
"154";"ANTERIORE SCOTTONA TD";"";"";"";"";"";"";"";"";"";"";"";"";"";"";"";"";"";"KG";"";"";"0007";"";"";"";"";"";"";"";"";"";"";"";"";"";"";"";"";"";"";"";"";"";"";"";"";"";"10";"";"";"";"";"";"";"";"";"";"";"";"";"";"";"";"";"";"";"";"";"";"";"";"";"";"";"";"";"";"";"";"";"";"";"";"";"";"";"";"";"";"";"";"";"";"I";"";"1";"";"";"0";"0";"3";"2";"3";"2";"1";"1";"1";"3";"2";"2";"";"0";"";"";"";"";"";"";"";"";"";"";"";"";"";"";"";"";"";"";"1";"";"";"";"";"";"";"";"";"";"";"";"";"";"";"";"";"";"";"";"";"";"";"";"";"";"";"";"";"";"";"";"";"";"";""
"157";"TRONCONE SCOTTONA SPAGNA";"";"";"";"";"";"";"";"";"";"";"";"";"";"";"";"";"";"KG";"";"";"0007";"";"";"";"";"";"";"";"";"";"";"";"";"";"";"";"";"";"";"";"";"";"";"";"";"";"10";"";"";"";"";"";"";"";"";"";"";"";"";"";"";"";"";"";"";"";"";"";"";"";"";"";"";"";"";"";"";"";"";"";"";"";"";"";"";"";"";"";"";"";"";"";"I";"";"1";"";"";"0";"0";"3";"2";"3";"2";"1";"1";"1";"3";"2";"2";"";"0";"";"";"";"";"";"";"";"";"";"";"";"";"";"";"";"";"";"";"1";"";"";"";"";"";"";"";"";"";"";"";"";"";"";"";"";"";"";"";"";"";"1";"";"";"";"";"";"";"";"";"";"";"";"";""
"151";"POST.SCOTTONA TD";"";"";"";"";"";"";"";"";"";"";"";"";"";"";"";"";"";"KG";"";"";"0007";"";"";"";"";"";"";"";"";"";"";"";"";"";"";"";"";"";"";"";"";"";"";"";"";"";"10";"";"";"";"";"";"";"";"";"";"";"";"";"";"";"";"";"";"";"";"";"";"";"";"";"";"";"";"";"";"";"";"";"";"";"";"";"";"";"";"";"";"";"";"";"";"I";"";"1";"";"";"0";"0";"3";"2";"3";"2";"1";"1";"1";"3";"2";"2";"";"0";"";"";"";"";"";"";"";"";"";"";"";"";"";"";"";"";"";"";"1";"";"";"";"";"";"";"";"";"";"";"";"";"";"";"";"";"";"";"";"";"";"1";"";"";"";"";"";"";"";"";"";"";"";"";""
"172";"SELLA VITELLINA";"";"";"";"23000002";"INDUSTRIA CARNI GARGIULO SRL";"";"";"";"";"";"";"";"";"20250520";"20250520";"23000002";"";"KG";"";"";"0007";"";"";"";"";"";"";"";"";"";"";"";"";"";"";"";"";"";"";"";"";"";"";"";"0";"0.00000";"10";"";"";"";"";"19944";"10.30000";"";"";"";"";"";"";"";"";"";"";"";"";"";"";"";"";"";"";"";"";"";"";"127.1300";"2535462";"1309.44";"127.1300";"2535462";"1309.44";"127.600";"2349059";"1213.19";"127.600";"2349059";"1213.19";"";"";"-0.470";"-9374";"-4.84";"I";"";"1";"";"";"0";"0";"3";"2";"3";"2";"1";"1";"1";"3";"2";"2";"";"0";"";"";"";"";"";"";"";"";"";"";"";"";"";"";"";"";"";"";"1";"";"";"";"";"";"";"";"";"";"";"";"";"";"";"";"";"";"";"";"";"";"0";"";"";"";"";"";"";"";"";"";"";"";"";""
"173";"SPALLA C.O VITELLINA";"";"";"";"23000002";"INDUSTRIA CARNI GARGIULO SRL";"";"";"";"";"";"";"";"";"20250519";"20250517";"23000002";"";"KG";"";"";"0007";"";"";"";"";"";"";"";"";"";"";"";"";"";"";"";"";"";"";"";"";"";"";"";"0";"0.00000";"10";"";"";"";"";"13941";"7.20000";"";"";"";"";"";"";"";"";"";"";"";"";"";"";"";"";"";"";"";"";"";"";"16.1000";"224450";"115.92";"16.1000";"224450";"115.92";"16.100";"224450";"115.92";"16.100";"224450";"115.92";"";"";"0.000";"0";"0.00";"I";"";"1";"";"";"0";"0";"3";"2";"3";"2";"1";"1";"1";"3";"2";"2";"";"0";"";"";"";"";"";"";"";"";"";"";"";"";"";"";"";"";"";"";"1";"";"";"";"";"";"";"";"";"";"";"";"";"";"";"";"";"";"";"";"";"";"";"";"";"";"";"";"";"";"";"";"";"";"";""
"";"";"";"";"";"";"";"";"";"";"";"";"";"";"";"";"";"";"";"";"";"";"";"";"";"";"";"";"";"";"";"";"";"";"";"";"";"";"";"";"";"";"";"";"";"";"";"";"";"";"";"";"";"";"";"";"";"";"";"";"";"";"";"";"";"";"";"";"";"";"";"";"";"";"";"";"";"";"";"";"";"";"";"";"";"";"";"";"";"";"";"";"";"";"";"";"";"";"";"";"";"";"";"";"";"";"";"";"";"";"";"";"";"";"";"";"";"";"";"";"";"";"";"";"";"";"";"";"";"";"";"";"";"";"";"";"";"";"";"";"";"";"";"";"";"";"";"";"";"";"";"";"";"";"";"";"";"";"";"";"";"";"";"";"";"";""
